index,x0,x1,weight,rho,delta,nh,isSeed,clusterId
0,-51.86,-64.09,1,8,1.12272,297,0,0
1,171.87,-154.07,1,8,4.75884,600,0,-1
2,-108.29,15.32,1,11,3.44071,681,0,-1
3,175.75,-161.11,1,8,1.18228,251,0,-1
4,-111.26,129.91,1,4,5.38358,13,0,3
5,165.02,-115.51,1,16.5,4.13943,554,0,-1
6,-53.66,61.4,1,11.5,1.09877,721,0,2
7,-139.17,188.11,1,3.5,20.0163,139,0,3
8,-110.05,32.22,1,19,5.80363,663,0,-1
9,175.94,-159.84,1,8,2.29225,251,0,-1
10,-103.8,13.96,1,11,0.983108,780,0,-1
11,181.01,-188.69,1,0,11.409,142,0,-1
12,-101.71,22.5,1,7,2.18296,489,0,-1
13,-116.16,127.68,1,4.5,5.09472,657,0,3
14,-79.17,88.97,1,6.5,0.139999,294,0,2
15,-16.93,21.15,1,8.5,0.362353,870,0,2
16,-65.61,-69.2,1,8,3.81435,184,0,0
17,76.04,-9.57,1,3,6.54281,516,0,1
18,-100.32,12.87,1,8.5,1.76955,128,0,-1
19,168.81,-122.36,1,9,3.71673,76,0,-1
20,-37.49,61.72,1,21,1.13864,809,0,2
21,-78.55,91.43,1,6.5,2.6729,294,0,2
22,-111.72,159.34,1,9.5,19.9813,143,0,3
23,106.52,-85.72,1,0.5,4.52651,670,0,1
24,-92.02,106.33,1,4,0.607453,268,0,3
25,-110.99,0.48,1,4,2.21416,250,0,-1
26,167.88,-132.26,1,17,3.18021,646,0,-1
27,-63.53,-55.65,1,7.5,1.33255,878,0,0
28,-97.34,132.28,1,2,2.86565,140,0,3
29,219.79,-213.65,1,0,2.48709,851,0,-1
30,-28.96,-3.64,1,1.5,15.7403,577,0,0
31,84.57,-47.62,1,4,5.8867,760,0,1
32,-103.57,36.51,1,15,0.224726,81,0,-1
33,-24.9,18.55,1,1,6.5604,705,0,2
34,175.83,-140.58,1,16.5,2.27495,498,0,-1
35,154.07,-122.77,1,1,1.70989,298,0,1
36,-140.31,48.16,1,5.5,2.51191,664,0,-1
37,190.81,-166.44,1,15.5,0.639999,169,0,-1
38,-4.19,16.84,1,9,3.69567,553,0,2
39,-94.04,-13.05,1,20.5,22.1925,308,0,-1
40,95.24,-58.56,1,8.5,5.87759,146,0,1
41,-53.8,51.74,1,1,2.8352,416,0,2
42,187.09,-158.93,1,14.5,8.38085,37,0,-1
43,127.22,-77.22,1,8.5,3.30974,803,0,1
44,186.61,-172.35,1,17,3.00567,561,0,-1
45,-101.16,131.1,1,3,4.7224,273,0,3
46,-72.95,83.15,1,4.5,3.63557,724,0,2
47,-97.06,-5.18,1,4,1.54777,52,0,-1
48,-161.15,104.19,1,4,3.04907,58,0,-1
49,-10.02,9.48,1,10,2.31041,116,0,2
50,-126.79,62.31,1,5.5,4.78059,779,0,-1
51,-43.89,-59.22,1,10.5,8.73701,248,0,0
52,-98.46,-5.84,1,4,2.58275,194,0,-1
53,-73.14,-15.79,1,8,3.753,748,0,-1
54,160.67,-86.58,1,6,8.53037,595,0,1
55,-55.9,-57.92,1,7,1.94257,674,0,0
56,-96.79,15.95,1,6.5,1.56847,311,0,-1
57,25.75,34.99,1,0,20.3838,557,0,1
58,-160.73,101.17,1,4.5,5.87649,396,0,-1
59,-82.12,112.96,1,22.5,1.36999,245,0,3
60,183.96,-153.18,1,4,3.80032,101,0,-1
61,-44.71,71.94,1,17,2.51454,402,0,2
62,-59.66,92.9,1,20.5,1.87011,386,0,2
63,-60.87,94.89,1,21.5,0.477595,277,0,2
64,-97.49,2.79,1,3.5,2.13122,365,0,-1
65,-18.16,29.48,1,6,3.74478,87,0,2
66,-43.31,-56.36,1,9,2.91822,51,0,0
67,-49.27,74.55,1,8.5,3.94463,746,0,2
68,166.78,-105.16,1,9,7.45574,263,0,1
69,-76.4,114.46,1,18,0.857962,225,0,3
70,-85.1,126.03,1,17,4.91684,239,0,3
71,131.02,-77.86,1,6,2.03532,235,0,1
72,-74.89,-41.02,1,5,4.91319,96,0,0
73,-72.81,116.09,1,13.5,2.25849,168,0,3
74,-1.31,17.28,1,8.5,2.91342,38,0,2
75,-108.14,40.38,1,17,5.13981,735,0,-1
76,167.1,-125.66,1,14.5,6.64592,26,0,-1
77,-139.62,40.72,1,7.5,1.95604,377,0,-1
78,-87.89,103.52,1,5.5,3.07883,684,0,3
79,-93.73,125.53,1,18.5,4.81981,590,0,3
80,116.97,-82.76,1,13,4.77658,860,0,1
81,-103.69,36.7,1,15,1.83308,443,0,-1
82,-34.76,51.54,1,9,1.53287,240,0,2
83,-157.48,102.05,1,4,3.36703,58,0,-1
84,-76.09,130.53,1,8,5.66464,886,0,3
85,-124.54,47.15,1,5.5,1.98495,95,0,-1
86,-122.47,148.29,1,0.5,3.29427,378,0,3
87,-16.91,25.95,1,8,1.1868,720,0,2
88,14.11,-3.9,1,3,17.2453,867,0,2
89,-77.91,132.6,1,6,2.75633,84,0,3
90,-104.54,26.51,1,6,1.62936,302,0,-1
91,-128.34,51.19,1,4.5,3.58309,853,0,-1
92,-87.81,-35.03,1,7,3.52626,744,0,-1
93,-97.02,24.48,1,4.5,3.07539,428,0,-1
94,-61.97,62.99,1,13,17.61,123,0,2
95,-124.68,45.17,1,5.5,3.91542,241,0,-1
96,-74.24,-36.15,1,5,2.17589,418,0,0
97,-46.19,-55.46,1,5.5,3.01735,66,0,0
98,-36.85,-79.69,1,6.5,2.94688,281,0,0
99,169.16,-143.03,1,22.5,2.2554,201,0,-1
100,228.74,-219.73,1,0,11.3685,851,0,-1
101,185.29,-149.62,1,9,6.22603,276,0,-1
102,-68.05,122.34,1,14,5.39134,596,0,3
103,-59.42,71.08,1,12,1.80236,722,0,2
104,-98.72,16.77,1,7,2.07393,784,0,-1
105,150.8,-101.8,1,13,1.03586,648,0,1
106,-47.72,14.19,1,0.5,7.56485,958,0,0
107,144.47,-145.54,1,2.5,2.13377,580,0,-1
108,120.15,-73.05,1,8,3.49201,523,0,1
109,-49.2,-35.19,1,11.5,3.01629,659,0,0
110,150.67,-123.45,1,1,0.739999,679,0,1
111,-97.93,-13.04,1,4,1.414,808,0,-1
112,-141.25,43.2,1,6.5,2.96771,77,0,-1
113,183.99,-177.34,1,0,1.64012,142,0,-1
114,-111.71,5.11,1,3.5,2.68794,250,0,-1
115,179.22,-158.96,1,7.5,3.39599,9,0,-1
116,-12.24,10.12,1,10,5.00924,288,0,2
117,-130.71,24.61,1,1.5,12.64,370,0,-1
118,-76.86,-7.56,1,10,4.86004,575,0,-1
119,183.85,-174.74,1,0,3.019,142,0,-1
120,160.24,-155.4,1,8,1.59529,165,0,-1
121,-58.71,-40.54,1,22,2.13063,729,0,0
122,-14.38,20.9,1,9,1.13172,242,0,2
123,-44.38,63.83,1,23,0.38833,665,0,2
124,-66.11,73.25,1,11,1.30384,550,0,2
125,150.05,-106.24,1,16,0.728974,374,0,1
126,-86.7,127.13,1,15,1.94165,70,0,3
127,105.5,-22.27,1,2,5.24744,445,0,1
128,-101.8,11.9,1,10,2.13862,780,0,-1
129,-0.83,1.32,1,1,1.87019,230,0,2
130,-30.17,-79.35,1,6,4.74562,281,0,0
131,-29.77,-94.97,1,8,9.63301,576,0,0
132,-107.18,-15.56,1,4.5,3.62283,366,0,-1
133,-85.73,-17.01,1,19.5,3.50828,246,0,-1
134,-130.41,147.72,1,1,10.3594,388,0,3
135,-99.07,8.36,1,9.5,1.83412,150,0,-1
136,86.95,-63.58,1,9.5,19.8566,515,0,1
137,-12.83,34.26,1,15,6.41215,755,0,2
138,-92.92,-21.73,1,4,4.5722,582,0,-1
139,-119.21,186.61,1,4.5,7.17616,762,0,3
140,-94.48,132.1,1,11,3.95181,192,0,3
141,-36.14,47.11,1,11,5.65785,599,0,2
142,182.35,-177.36,1,0,5.97457,728,0,-1
143,-109.71,139.46,1,9.5,10.8034,347,0,3
144,-107.6,133.15,1,3.5,1.71126,697,0,3
145,158.45,-110.85,1,12,4.33038,456,0,1
146,90.99,-62.62,1,9,0.671866,589,0,1
147,-105.49,158.09,1,4.5,2.68778,368,0,3
148,-155.52,61,1,3.5,4.71739,203,0,-1
149,-77.93,1.49,1,5.5,2.11691,833,0,-1
150,-99.93,6.74,1,10,4.89232,796,0,-1
151,169.57,-139.32,1,20.5,1.03325,788,0,-1
152,-106.76,21.35,1,9.5,2.97107,814,0,-1
153,-55.62,-71.69,1,0.5,2.88231,419,0,0
154,82.45,-27.43,1,7.5,7.25493,459,0,1
155,-42.53,82.43,1,18,0.518556,865,0,2
156,-40.95,-84.87,1,8.5,11.3151,576,0,0
157,-34.29,76.04,1,10,6.01402,330,0,2
158,-43.75,53.26,1,7.5,0.69354,769,0,2
159,150.87,-113.22,1,18,2.41018,385,0,1
160,-72.53,103.68,1,4.5,3.17158,757,0,2
161,23.73,-35.67,1,1,12.1876,857,0,2
162,-52.43,-32.81,1,14,1.30096,615,0,0
163,-87.68,-15.57,1,19,2.42406,133,0,-1
164,103.52,-61.73,1,8,2.82306,717,0,1
165,161.09,-154.05,1,8,0.661215,591,0,-1
166,-7.48,-2.54,1,1.5,4.52657,299,0,2
167,-2.31,-137.18,1,4,2.41821,967,0,-1
168,-70.73,115.21,1,20.5,5.05431,776,0,3
169,191.45,-166.44,1,15.5,2.44377,719,0,-1
170,200.98,-155.11,1,7.5,7.59977,181,0,-1
171,71.53,-5.94,1,2.5,5.78939,17,0,1
172,132.76,-104.13,1,0.5,2.82646,513,0,1
173,194.81,-189.4,1,5.5,2.85848,453,0,-1
174,-101.16,137.53,1,6,5.30532,694,0,3
175,-35.85,-102.92,1,1.5,7.68782,576,0,0
176,123.74,-74.82,1,8.5,3.95182,523,0,1
177,43.31,53.83,1,0.5,3.60588,486,0,1
178,-104.28,115.56,1,4.5,3.41892,731,0,3
179,135.97,-88.58,1,29.5,1.67573,398,0,1
180,-78.34,-19.3,1,13,5.05036,320,0,-1
181,196.29,-161.09,1,12,2.25622,249,0,-1
182,165.15,-146.08,1,24,999,-1,0,-1
183,153.43,-138.48,1,2,0.0447241,451,0,-1
184,-61.84,-68.62,1,8,4.06389,419,0,0
185,-67.68,91.94,1,23,2.99313,375,0,2
186,-1.6,-129.2,1,3,3.75033,794,0,-1
187,105.53,-45.28,1,7.5,3.46883,484,0,1
188,-96.9,107.96,1,2,1.42412,607,0,3
189,87.98,-3.82,1,4.5,17.6368,458,0,1
190,123.17,-88.32,1,12.5,1.84784,827,0,1
191,116.59,-93.14,1,13,2.14218,482,0,1
192,-96.11,135.7,1,17.5,10.4448,79,0,3
193,-100.89,108.22,1,3,5.17262,607,0,3
194,-98.05,-3.29,1,4,5.4019,365,0,-1
195,-68,-74.75,1,0.5,6.04273,16,0,0
196,-13.03,-77.27,1,4,5.73127,210,0,0
197,-98.14,-16.14,1,4,2.12191,879,0,-1
198,-69.93,89.41,1,25,2.87848,352,0,2
199,111.24,-88.92,1,13,4.36468,860,0,1
200,-73.4,-31.43,1,5.5,2.55002,309,0,0
201,167.18,-144.11,1,23.5,2.82875,182,0,-1
202,-112.84,147.99,1,8.5,9.08613,143,0,3
203,-156.69,65.57,1,3.5,1.93215,826,0,-1
204,107.56,-90.69,1,0.5,4.08354,199,0,1
205,128.65,-87.66,1,10.5,2.47132,739,0,1
206,-11.53,-112.07,1,4,21.5876,794,0,-1
207,-90.01,120.17,1,22.5,2.83426,590,0,3
208,99.22,-52.42,1,8,3.61942,730,0,1
209,-110.73,123.56,1,5,5.47759,415,0,3
210,-11.68,-82.84,1,4.5,5.57819,266,0,0
211,-9.5,2.29,1,1,5.23539,166,0,2
212,118.01,-59.34,1,16.5,1.58256,727,0,1
213,-97.36,99.07,1,0,5.83473,376,0,3
214,169.39,-136.18,1,20,2.18478,788,0,-1
215,-131.64,169.64,1,2.5,2.05974,274,0,3
216,135.93,-113.76,1,18.5,1.16903,793,0,1
217,-22.6,-124.18,1,0,11.863,764,0,-1
218,-55.54,-54.64,1,7,1.36499,674,0,0
219,-41.48,59.74,1,22.5,3.88855,759,0,2
220,-18.6,-90.09,1,8.5,21.5849,576,0,0
221,169.61,-159.94,1,8,3.06961,545,0,-1
222,-143.55,51.67,1,5,4.77679,36,0,-1
223,136.61,-57.86,1,4.5,14.338,468,0,1
224,-53.18,66.79,1,12,3.1533,606,0,2
225,-76.96,113.81,1,20,1.88809,335,0,3
226,-41.43,78.1,1,11,4.46754,155,0,2
227,96.36,-44.58,1,12.5,1.5261,455,0,1
228,-172.04,96.52,1,5,12.3885,403,0,-1
229,-93.9,31.42,1,13.5,10.9278,32,0,-1
230,0.57,0.08,1,1,5.01761,440,0,2
231,122.89,-73.61,1,7,0.93,304,0,1
232,-116.6,150.56,1,7.5,4.55439,202,0,3
233,-43.94,51.92,1,8,3.75238,474,0,2
234,-69.34,-40.85,1,25.5,999,-1,1,0
235,130.7,-79.87,1,8,4.37411,43,0,1
236,-52.84,85.89,1,18.5,3.52325,698,0,2
237,-111.37,71.51,1,2.5,12.9447,832,0,-1
238,-91,110.31,1,26,3.35626,361,0,3
239,-86.02,121.2,1,22.5,4.03396,590,0,3
240,-34.4,50.05,1,10,2.11123,363,0,2
241,-122.81,41.73,1,6,3.39819,817,0,-1
242,-13.56,20.12,1,9,3.27782,870,0,2
243,-104.28,30.97,1,4.5,2.4683,874,0,-1
244,-111.99,162.24,1,9,2.91255,22,0,3
245,-83,111.91,1,23.5,2.54031,644,0,3
246,-89.19,-17.59,1,20,1.00125,582,0,-1
247,-27.62,-102.04,1,1,2.51114,520,0,0
248,-44.24,-67.95,1,14,27.0893,313,0,0
249,196.56,-163.33,1,13,2.99188,389,0,-1
250,-112.02,2.44,1,4,5.74826,839,0,-1
251,174.82,-161.84,1,8,4.69081,545,0,-1
252,-122.96,53.64,1,3,5.91159,91,0,-1
253,-157.2,68.3,1,3.5,1.32884,826,0,-1
254,-64.49,56.67,1,12.5,5.81557,514,0,2
255,-20.42,22.19,1,0.5,3.64166,15,0,2
256,107.1,-72.75,1,0.5,0.645603,819,0,1
257,-98.89,6.47,1,9,1.07448,150,0,-1
258,111.29,-87.37,1,12.5,1.5508,199,0,1
259,-182.07,114.45,1,4,2.41207,497,0,-1
260,-112.33,30.38,1,5.5,2.92985,8,0,-1
261,-83.24,138.86,1,12,7.80836,339,0,3
262,-42.45,-72.04,1,4,4.46455,248,0,0
263,159.4,-104.1,1,13,8.78069,450,0,1
264,-100.32,136.13,1,5.5,1.63266,174,0,3
265,-13.28,-146.46,1,3.5,5.70671,301,0,-1
266,-16.17,-86.15,1,8,2.93518,654,0,0
267,121.72,-80.22,1,11.5,1.98495,881,0,1
268,-92.59,106.12,1,4,1.1082,305,0,3
269,-111.74,177.71,1,2.5,11.6194,139,0,3
270,122.23,-63.03,1,15,3.17718,468,0,1
271,-82.71,89.98,1,7.5,12.7927,198,0,2
272,-66.16,-1.4,1,5.5,11.2805,751,0,0
273,-98.87,126.97,1,3,5.3379,79,0,3
274,-131.84,167.59,1,3,4.21431,393,0,3
275,-96.97,-10.62,1,4,2.36812,413,0,-1
276,181.54,-144.65,1,14,3.45567,716,0,-1
277,-61.03,94.44,1,21.5,3.68242,386,0,2
278,-29.17,55.73,1,5.5,6.0208,363,0,2
279,-53.71,-81.38,1,1.5,10.7613,767,0,0
280,115.47,-63.38,1,21.5,5.07055,404,0,1
281,-34.45,-81.4,1,7,4.44011,424,0,0
282,107.59,-58,1,7,2.92474,340,0,1
283,-28.16,-87.08,1,7,8.05259,131,0,0
284,128.65,-98.74,1,0.5,1.19,919,0,1
285,-116.68,45.89,1,16.5,2.26241,714,0,-1
286,-50.52,47.21,1,1,3.42615,499,0,2
287,-142.11,65.6,1,8.5,29.7646,408,0,-1
288,-13.07,15.06,1,10,19.2015,137,0,2
289,134.53,-106.74,1,16,3.17201,493,0,1
290,169.58,-115.97,1,12,4.58314,5,0,-1
291,-49.81,76.5,1,8,2.02339,67,0,2
292,-95.97,117.57,1,25.5,1.38293,688,0,3
293,-204.52,134.43,1,1.5,6.2671,948,0,-1
294,-79.17,88.83,1,6.5,3.72211,271,0,2
295,152.2,-132.19,1,2.5,2.75429,782,0,1
296,10.34,-20.98,1,0.5,11.5392,915,0,2
297,-52.92,-63.72,1,8,8.7057,419,0,0
298,152.41,-123.18,1,1,2.49273,679,0,1
299,-4.21,-5.67,1,1.5,16.1458,867,0,2
300,-87.09,-1.37,1,14,4.08882,704,0,-1
301,-7.64,-145.59,1,4,8.49284,967,0,-1
302,-105.76,27.59,1,6,3.80569,874,0,-1
303,-64.98,-45.49,1,24.5,0.465192,626,0,0
304,123.82,-73.61,1,7,1.21264,176,0,1
305,-92.79,105.03,1,4.5,3.42585,361,0,3
306,138.23,-120.05,1,19.5,5.15486,863,0,1
307,-87.7,97.69,1,7,3.65297,733,0,3
308,-91.91,9.04,1,23.5,0.503285,816,0,-1
309,-73.85,-33.94,1,5.5,4.04777,876,0,0
310,-121.18,34.39,1,21,3.24891,477,0,-1
311,-97.8,17.15,1,6.5,0.995387,104,0,-1
312,-66.12,-44.96,1,25,1.34451,626,0,0
313,-51.53,-41.86,1,18,7.30033,121,0,0
314,-161.71,72.63,1,3.5,6.11327,475,0,-1
315,-102.79,4.48,1,3.5,3.64516,150,0,-1
316,-73.21,-27.55,1,5.5,2.67855,371,0,-1
317,-80.25,116.6,1,20.5,3.44006,372,0,3
318,-87.29,4.58,1,7.5,2.3362,556,0,-1
319,48.37,-29.29,1,1.5,13.3354,857,0,2
320,-83.28,-18.25,1,18.5,2.74593,133,0,-1
321,159.49,-142.83,1,23.5,0.999252,862,0,-1
322,184.87,-141.48,1,14,7.70328,716,0,-1
323,-103.99,-10.87,1,4.5,3.08263,506,0,-1
324,-37.69,54.06,1,8,3.33708,535,0,2
325,141.77,-104.39,1,16,0.160004,732,0,1
326,-78.68,107.56,1,4.5,0.689417,888,0,3
327,133.27,-100.19,1,0.5,2.96445,513,0,1
328,-98.76,31.11,1,3.5,4.86988,229,0,-1
329,-92.53,-10.9,1,20,2.62728,39,0,-1
330,-39.23,72.61,1,14,5.52081,61,0,2
331,-109.2,151.92,1,7,5.35672,202,0,3
332,110.96,-59.64,1,19.5,5.85899,280,0,1
333,-70.16,-44.34,1,23.5,3.58504,234,0,0
334,-20.62,39.23,1,8.5,1.14691,675,0,2
335,-78.28,112.46,1,21.5,3.87242,59,0,3
336,-68.87,4.1,1,5,6.1314,272,0,0
337,-46.76,45.51,1,1,2.88958,842,0,2
338,-38.08,-45.51,1,10.5,13.0877,899,0,0
339,-90.23,135.38,1,17,5.8887,192,0,3
340,104.88,-59.1,1,7.5,2.96083,164,0,1
341,181.24,-166.28,1,5,4.2698,500,0,-1
342,-45.69,79.5,1,4,2.26921,521,0,2
343,137.57,-104.61,1,16,2.84015,668,0,1
344,-84.51,105.99,1,5.5,1.64149,684,0,3
345,147.7,-95.77,1,24.5,11.6124,518,0,1
346,220.18,-191.47,1,0.5,9.74663,682,0,-1
347,-120.49,138.75,1,10.5,24.57,192,0,3
348,122.3,-83.36,1,12.5,4.16415,827,0,1
349,129.86,-102.86,1,0.5,3.29851,678,0,1
350,-127.89,30.7,1,0.5,0.54589,818,0,-1
351,-71.55,71,1,0,3.55355,622,0,2
352,-67.27,88.31,1,25.5,4.94327,756,0,2
353,112.3,-75.99,1,10,8.22447,80,0,1
354,-26.05,33.52,1,9,0.564625,601,0,2
355,-16.38,-62.49,1,2,15.1549,196,0,0
356,138.05,-97.24,1,12,3.22606,961,0,1
357,-56.55,-49.16,1,4.5,1.43544,522,0,0
358,-37.38,78.89,1,9,4.12633,226,0,2
359,-39.68,93.56,1,11.5,2.76631,381,0,2
360,-147.35,87.05,1,7,16.3507,532,0,-1
361,-93.71,108.33,1,26,1.67359,847,0,3
362,134.92,-78.3,1,15.5,2.59481,742,0,1
363,-32.37,50.63,1,10,5.15784,141,0,2
364,-75.74,67.49,1,0,7.3611,541,0,2
365,-99.44,1.93,1,4,4.57319,257,0,-1
366,-108.63,-12.24,1,4.5,3.03488,562,0,-1
367,0.15,25.38,1,6.5,7.82537,407,0,2
368,-106.7,160.49,1,8.5,5.15004,22,0,3
369,194.17,-184.41,1,5,1.70602,841,0,-1
370,-118.07,24.64,1,8.5,9.33945,814,0,-1
371,-75.32,-29.2,1,5.5,2.82121,813,0,-1
372,-83.69,116.62,1,23.5,2.92838,644,0,3
373,-56.18,92.37,1,17,2.15103,676,0,2
374,150.38,-105.59,1,16,2.77894,434,0,1
375,-64.7,91.66,1,23.5,4.12942,605,0,2
376,-96.16,93.36,1,7.5,15.1692,361,0,3
377,-139.37,38.78,1,7.5,6.8021,690,0,-1
378,-119.86,150.3,1,6.5,1.29244,620,0,3
379,86.98,-25.06,1,7,2.96502,459,0,1
380,-52.72,-29.47,1,11.5,3.35257,162,0,0
381,-42.43,93.26,1,15,9.97246,806,0,2
382,-106.2,155.23,1,4.5,4.46722,331,0,3
383,-40.04,41.73,1,11.5,3.15749,538,0,2
384,134.45,-93.38,1,31,2.11654,619,0,1
385,148.86,-114.55,1,19,0.795107,834,0,1
386,-59.64,91.03,1,22,1.42341,771,0,2
387,-67.03,76.77,1,8.5,1.05773,890,0,2
388,-120.7,151.33,1,6.5,0.39812,620,0,3
389,193.89,-164.68,1,15.5,5.02005,719,0,-1
390,-134.57,43.23,1,7,1.01391,821,0,-1
391,183.6,-123.58,1,3,7.29458,777,0,-1
392,-94.96,-8.25,1,19.5,3.59547,329,0,-1
393,-129.27,164.25,1,3,15.5039,388,0,3
394,101.61,-57.75,1,8,2.35091,730,0,1
395,104.24,-46.58,1,4,1.83142,187,0,1
396,-158.77,95.63,1,5,6.0782,399,0,-1
397,-80.07,1.51,1,7.5,3.22374,581,0,-1
398,134.52,-89.42,1,30,3.38303,518,0,1
399,-159.24,89.57,1,5.5,8.48648,403,0,-1
400,-25.22,30.35,1,0.5,3.27686,354,0,2
401,185.22,-134.41,1,11,6.91654,479,0,-1
402,-44.98,69.44,1,19.5,5.46795,665,0,2
403,-166.62,85.38,1,6.5,19.3422,360,0,-1
404,116.11,-68.41,1,23.5,25.018,807,0,1
405,122.98,-101.1,1,0.5,3.09076,840,0,1
406,-189.77,121.58,1,4,4.42441,409,0,-1
407,-4.07,18.79,1,8.5,1.95369,38,0,2
408,-117.65,48.64,1,13,2.91606,285,0,-1
409,-191,117.33,1,4,8.49493,497,0,-1
410,130.69,-74.82,1,5.5,3.05786,71,0,1
411,183.53,-163.62,1,4.5,3.50994,341,0,-1
412,-59.63,-44.15,1,21.5,3.72539,121,0,0
413,-99.25,-9.98,1,4,2.71046,808,0,-1
414,-20.78,41.03,1,8.5,1.36473,872,0,2
415,-113.91,119.1,1,5,4.84125,749,0,3
416,-54.6,54.46,1,1,3.06894,492,0,2
417,-89.85,114.63,1,24.5,2.17451,420,0,3
418,-72.81,-34.51,1,5,1.18596,309,0,0
419,-58.28,-70.58,1,8,14.2842,248,0,0
420,-91.67,113.44,1,24.5,3.20091,238,0,3
421,-49.87,41.46,1,1,2.36019,842,0,2
422,165.53,-137.56,1,21,3.45492,449,0,-1
423,1.64,-6.67,1,1,5.93485,299,0,2
424,-38.8,-82.29,1,7,3.35841,156,0,0
425,203.28,-170.94,1,10.5,5.4222,935,0,-1
426,-154.52,99.79,1,4,5.94711,396,0,-1
427,93.99,-31.41,1,9.5,5.00692,431,0,1
428,-100,23.72,1,6,2.10059,12,0,-1
429,-105.21,146.53,1,7.5,7.76843,202,0,3
430,128.41,-95.76,1,10.5,4.60679,700,0,1
431,92.06,-36.03,1,10,8.31241,515,0,1
432,-32.02,40.9,1,11.5,3.41341,599,0,2
433,139.86,-109.51,1,18.5,4.75656,695,0,1
434,147.63,-105.19,1,16.5,5.9301,564,0,1
435,-92.82,-27.9,1,7,8.45852,744,0,-1
436,-123.88,28.98,1,0.5,4.72141,818,0,-1
437,-172.67,230,1,0,20.3825,686,0,3
438,-90.86,146.01,1,10,10.4493,261,0,3
439,-88.56,151.68,1,6,6.11873,438,0,3
440,0.15,5.08,1,1,4.59949,867,0,2
441,119.22,-69.24,1,20.5,3.21885,404,0,1
442,-67.02,102.67,1,13,5.97772,471,0,2
443,-105.38,35.99,1,16,4.63997,655,0,-1
444,173.03,-149.37,1,7,3.35336,495,0,-1
445,100.44,-23.66,1,3.5,4.5293,485,0,1
446,-58.17,98.36,1,13,4.39669,63,0,2
447,-32.57,60.83,1,15.5,3.29219,594,0,2
448,-58.54,93.28,1,18.5,1.18271,62,0,2
449,167.19,-140.59,1,22,3.136,99,0,-1
450,150.62,-103.99,1,15.5,1.6179,374,0,1
451,153.41,-138.52,1,2,0.707102,569,0,-1
452,-38.16,12.38,1,3,21.876,858,0,2
453,197.66,-189.18,1,5.5,17.9385,561,0,-1
454,-80.72,95.21,1,7,3.29315,884,0,2
455,94.87,-44.25,1,12.5,3.01135,515,0,1
456,154.16,-111.44,1,15.5,3.19326,761,0,1
457,97.23,-50.44,1,7,2.80722,208,0,1
458,83.32,-20.83,1,5.5,5.59361,379,0,1
459,89.63,-26.39,1,9,6.64906,427,0,1
460,-68.71,-17.88,1,20,10.8527,875,0,0
461,81.96,-26.13,1,1.5,1.38928,154,0,1
462,106.15,-79.57,1,0.5,4.66138,670,0,1
463,-50.24,-53.49,1,6,5.42333,218,0,0
464,-98.8,8.87,1,8.5,0.475394,801,0,-1
465,-136.03,192.39,1,2.5,5.30829,7,0,3
466,-90.35,-7.85,1,17.5,3.74899,329,0,-1
467,31.59,-15.72,1,2,18.2946,857,0,2
468,124.39,-65.36,1,15,5.77499,523,0,1
469,144.94,-122.3,1,1,3.97859,770,0,1
470,-100.41,56.19,1,3.5,13.7013,662,0,-1
471,-69.86,97.41,1,18.5,0.890511,873,0,2
472,-152.93,88.33,1,4,0.795104,555,0,-1
473,-66.53,-35.79,1,23.5,0.35805,658,0,0
474,-45.24,48.4,1,9,6.41755,535,0,2
475,-161.91,66.52,1,3.5,4.12535,826,0,-1
476,154.46,-128.1,1,1.5,1.37295,804,0,1
477,-117.95,34.04,1,21,35.597,816,0,-1
478,132.02,-120.39,1,0.5,6.21929,306,0,1
479,181.53,-140.26,1,11.5,3.55584,322,0,-1
480,154.59,-120.03,1,14,6.00561,761,0,1
481,-65.75,76.17,1,11,1.04293,706,0,2
482,118.51,-94.09,1,13,4.76122,570,0,1
483,-84.73,4.17,1,7.5,1.42636,556,0,-1
484,108.35,-47.3,1,8,5.18029,624,0,1
485,96.25,-25.38,1,6.5,2.04831,891,0,1
486,40.13,55.53,1,0.5,19.9671,557,0,1
487,-42.36,78.47,1,10,1.0009,226,0,2
488,-69.67,-22.77,1,13,4.98334,460,0,0
489,-102.73,24.43,1,7,4.05268,754,0,-1
490,-101.88,121.77,1,4,4.722,731,0,3
491,-14.21,68.43,1,5,9.40613,692,0,2
492,-52.82,56.96,1,8.5,4.51876,6,0,2
493,137.07,-108.64,1,17.5,2.92249,433,0,1
494,-123.13,37.73,1,6,2.02201,817,0,-1
495,174,-152.58,1,7.5,2.59943,1,0,-1
496,-118.48,12.97,1,11.5,6.62687,839,0,-1
497,-183.82,112.79,1,4,5.44737,859,0,-1
498,173.6,-141.03,1,19,4.37778,151,0,-1
499,-51.19,50.57,1,1.5,6.33335,474,0,2
500,177.5,-164.22,1,7.5,3.56856,3,0,-1
501,-86.02,112.42,1,25,1.98728,644,0,3
502,-78.62,99.52,1,6.5,1.79011,884,0,2
503,150.54,-99.62,1,12.5,1.15974,648,0,1
504,-60.22,-13.55,1,11,9.49527,751,0,0
505,-71.52,106.45,1,4,2.94839,160,0,2
506,-103.24,-7.88,1,4.5,8.15974,805,0,-1
507,-117.26,26.03,1,8,1.60879,370,0,-1
508,-48.51,-76.13,1,1,7.31106,262,0,0
509,-52.68,36.63,1,1.5,13.6301,383,0,2
510,-54.23,79.47,1,8.5,3.17605,746,0,2
511,-78.47,-31.48,1,6,3.91931,642,0,-1
512,-152.82,213.11,1,0.5,12.4612,740,0,3
513,135.09,-102.53,1,15,3.2368,343,0,1
514,-58.77,57.72,1,12.5,6.16546,94,0,2
515,91.86,-44.34,1,13,24.4724,332,0,1
516,80.26,-14.57,1,3,4.04224,527,0,1
517,164,-135.47,1,20.5,2.59017,422,0,-1
518,136.72,-91.99,1,31,3.4857,619,0,1
519,-59.18,-48.78,1,4.5,1.95576,608,0,0
520,-29.75,-100.71,1,1,5.74003,131,0,0
521,-47.91,79.03,1,6.5,3.164,291,0,2
522,-55.22,-48.62,1,4.5,1.48923,838,0,0
523,122.94,-70.95,1,17,4.0942,441,0,1
524,-97.64,107.71,1,0,0.781087,188,0,3
525,-21.49,-102.19,1,1,4.5759,822,0,-1
526,-124.98,191.59,1,1.5,3.27989,637,0,3
527,77.87,-17.83,1,3,4.07207,883,0,1
528,172.05,-129.63,1,14,3.63064,646,0,-1
529,136.92,-127.1,1,1.5,7.17067,306,0,1
530,90.48,-24.17,1,6.5,2.37716,459,0,1
531,172.32,-128.93,1,13.5,0.75028,528,0,-1
532,-147.2,70.7,1,7,7.20542,287,0,-1
533,-176.37,93.61,1,0,5.21699,228,0,-1
534,160.25,-153.5,1,7.5,1.00404,165,0,-1
535,-39.49,51.25,1,9,5.22954,240,0,2
536,198.58,-179.79,1,5,1.27283,845,0,-1
537,152.48,-127.19,1,1.5,3.54927,804,0,1
538,-38.6,38.92,1,12.5,18.8356,675,0,2
539,201.67,-204.94,1,1.5,8.00398,726,0,-1
540,-96.05,119.25,1,23.5,1.6819,292,0,3
541,-73.91,60.36,1,0,8.03374,882,0,2
542,73.92,-26.84,1,2,1.93238,618,0,1
543,-90.84,1.38,1,12.5,4.5793,844,0,-1
544,-173.01,111.77,1,6.5,35.6302,360,0,-1
545,170.26,-162.94,1,8,6.54681,836,0,-1
546,-73.88,80.6,1,0,2.21923,634,0,2
547,132.31,-89.97,1,9.5,2.27742,398,0,1
548,93.18,-50.49,1,6.5,4.05031,457,0,1
549,33.68,-8.91,1,1.5,7.1235,467,0,2
550,-66.97,74.23,1,11,2.4797,706,0,2
551,103.98,-53.21,1,7.5,3.53425,730,0,1
552,-58.1,-60.44,1,7.5,5.98248,878,0,0
553,-3.85,13.16,1,9.5,7.1841,49,0,2
554,163.72,-119.44,1,19.5,16.0324,517,0,-1
555,-152.14,88.24,1,4,4.91858,852,0,-1
556,-85.56,3.01,1,8,2.34438,710,0,-1
557,46.08,36.47,1,1,30.1333,831,0,1
558,-110.59,9.06,1,12,4.39841,839,0,-1
559,145.88,-97.93,1,13.5,2.70497,737,0,1
560,-31.35,36.26,1,11,4.65653,858,0,2
561,189.49,-173.21,1,17,1.83848,781,0,-1
562,-111.47,-11.17,1,4.5,0.219318,563,0,-1
563,-111.62,-11.33,1,4.5,1.2522,805,0,-1
564,150.57,-110.34,1,17,2.89559,159,0,1
565,-64.06,83.8,1,25,1.35182,756,0,2
566,109.91,-74.26,1,8.5,2.75087,651,0,1
567,100.64,-61.97,1,8.5,1.46537,717,0,1
568,159.73,-161.61,1,8,3.95589,640,0,-1
569,154.11,-138.62,1,2,1.67999,627,0,-1
570,120.49,-89.76,1,13,5.81416,860,0,1
571,-74.06,-25.02,1,5,2.66897,316,0,-1
572,-38.62,-75.08,1,4.5,4.93812,98,0,0
573,-84.35,-22.69,1,6,2.51914,892,0,-1
574,-61.25,-33.28,1,21,5.16792,635,0,0
575,-79.76,-11.46,1,14,6.42876,660,0,-1
576,-39.34,-96.07,1,8.5,28.5437,248,0,0
577,-29.05,-19.38,1,2,18.2448,578,0,0
578,-28.63,-37.62,1,2,9.79799,736,0,0
579,71.17,8.43,1,2.5,18.6472,17,0,1
580,146.56,-145.11,1,2.5,12.7574,862,0,-1
581,-78.49,-1.3,1,9.5,6.46873,118,0,-1
582,-89.83,-18.36,1,20,6.77644,39,0,-1
583,-124.96,159.64,1,2.5,6.31096,393,0,3
584,112.78,-73.73,1,9.5,2.31041,353,0,1
585,-31,30.29,1,1,5.16887,820,0,2
586,-151.39,199.88,1,0.5,2.97406,740,0,3
587,-122.25,11.41,1,0.5,4.08001,496,0,-1
588,-49.9,83.41,1,17,3.84629,236,0,2
589,91.16,-63.27,1,9,2.70839,685,0,1
590,-89.64,122.98,1,22.5,7.41627,540,0,3
591,161.75,-154.01,1,8,5.24041,640,0,-1
592,-48.19,-85.7,1,1,4.96517,767,0,0
593,-137.39,65.63,1,7.5,4.7201,287,0,-1
594,-35.86,60.71,1,20,1.77282,669,0,2
595,152.14,-86.66,1,13.5,6.86618,828,0,1
596,-66.96,117.06,1,15.5,4.19946,168,0,3
597,-62.77,-54.4,1,7,1.46291,27,0,0
598,137.4,-90.31,1,29.5,1.8124,518,0,1
599,-31.27,44.23,1,11.5,9.05124,538,0,2
600,167.12,-153.78,1,8,6.589,856,0,-1
601,-26.57,33.74,1,9,5.01599,894,0,2
602,-8.69,-103.28,1,2.5,6.83659,656,0,-1
603,-25.98,-94.85,1,6.5,3.7919,131,0,0
604,-52.38,-34.95,1,15,6.96208,313,0,0
605,-62.09,88.46,1,25,5.18217,352,0,2
606,-55.55,68.87,1,12,5.67067,722,0,2
607,-95.75,108.8,1,24.5,1.59298,847,0,3
608,-59.87,-46.95,1,4.5,2.81027,412,0,0
609,28.82,-37.82,1,0.5,5.52545,161,0,2
610,-69.63,-36.63,1,25,4.22995,234,0,0
611,-47.36,-46.5,1,4.5,0.585232,677,0,0
612,-55.04,81.33,1,8,2.02872,510,0,2
613,-31.69,63.37,1,14.5,2.66738,711,0,2
614,-134.48,88.91,1,3,13.0037,360,0,-1
615,-51.13,-32.86,1,14,2.03062,659,0,0
616,0.97,-114.74,1,2.5,12.782,206,0,-1
617,-55.87,76.23,1,10,6.255,103,0,2
618,73.02,-28.55,1,2,4.84153,791,0,1
619,135.46,-95.24,1,32.5,999,-1,1,1
620,-120.34,151.5,1,6.5,3.85632,232,0,3
621,113.55,-43.81,1,11,7.7931,624,0,1
622,-68.01,71.31,1,11,5.26431,696,0,2
623,156.49,-139.51,1,2,1.13231,627,0,-1
624,111.58,-51.35,1,11.5,8.31315,332,0,1
625,-24.77,62.72,1,11,6.95046,613,0,2
626,-64.78,-45.07,1,25,6.21305,234,0,0
627,155.79,-138.62,1,2,3.26098,789,0,-1
628,99.85,-71.79,1,0.5,3.05485,849,0,1
629,190.25,-120.58,1,3.5,14.0805,777,0,-1
630,-63.49,102.82,1,12,3.53318,442,0,2
631,230,-199.27,1,0,9.30035,682,0,-1
632,-63.56,110.43,1,19.5,6.79497,776,0,3
633,-110.52,45.27,1,14,5.43843,75,0,-1
634,-72.15,81.99,1,0,1.40911,46,0,2
635,-66.18,-31.73,1,22,3.7726,658,0,0
636,-120.88,6.9,1,10,1.30292,976,0,-1
637,-128.22,192.1,1,2,5.40714,745,0,3
638,70.05,-15.09,1,4.5,14.4582,458,0,1
639,-80.07,-36.27,1,6,1.59088,642,0,-1
640,162.82,-159.14,1,8,10.1108,836,0,-1
641,-62.81,-28.34,1,18.5,4.78006,635,0,0
642,-80.6,-34.77,1,6.5,7.10473,709,0,-1
643,140.63,-107.03,1,18,2.59679,433,0,1
644,-84.64,113.85,1,25,2.90119,887,0,3
645,-81.29,-41.67,1,6,1.13358,718,0,-1
646,170.95,-133.09,1,17.5,3.46145,214,0,-1
647,96.8,-67.76,1,9,3.63563,773,0,1
648,150.69,-100.77,1,13,3.22076,450,0,1
649,136.52,-82.59,1,20,4.60897,807,0,1
650,-53.88,-93.49,1,1.5,13.8609,767,0,0
651,111.88,-72.34,1,8.5,1.65594,584,0,1
652,-22.19,54.98,1,3.5,4.52515,864,0,2
653,-230,183.55,1,0,999,-1,0,-1
654,-14.6,-88.63,1,8,4.25812,220,0,0
655,-106.76,31.56,1,17.5,0.291546,874,0,-1
656,-15.52,-103.58,1,3,9.38084,206,0,-1
657,-120.85,125.69,1,4.5,9.57035,415,0,3
658,-66.32,-35.5,1,23.5,3.49757,610,0,0
659,-52.16,-34.61,1,14,0.40497,604,0,0
660,-82.97,-17.03,1,18,1.25877,320,0,-1
661,203.35,-169.41,1,10,1.5316,425,0,-1
662,-112.11,49.06,1,13,4.11001,633,0,-1
663,-113.16,37.12,1,19,5.69477,477,0,-1
664,-138.47,46.45,1,6.5,5.05751,390,0,-1
665,-44.06,64.05,1,23,28.108,565,0,2
666,94.22,-20.92,1,4,4.90025,485,0,1
667,-84.75,133.21,1,8.5,4.1812,683,0,3
668,140.41,-104.58,1,16,1.36033,732,0,1
669,-35.76,58.94,1,20.5,1.43266,869,0,2
670,102.94,-82.95,1,0.5,5.73203,811,0,1
671,98.02,-43.68,1,11,1.88828,227,0,1
672,80.86,-34.46,1,1.5,5.37287,960,0,1
673,-78.36,84.35,1,6.5,7.11473,271,0,2
674,-55.8,-55.98,1,7,5.01813,552,0,0
675,-19.77,38.46,1,17,25.9829,669,0,2
676,-56.48,90.24,1,19,3.25725,386,0,2
677,-47.92,-46.33,1,4.5,5.7457,313,0,0
678,126.97,-104.45,1,1,7.89922,289,0,1
679,149.97,-123.69,1,1,4.14654,770,0,1
680,217.48,-230,1,0,12.0024,897,0,-1
681,-111.73,15.25,1,11,6.2941,558,0,-1
682,220.9,-201.19,1,0.5,9.98302,799,0,-1
683,-88.85,132.39,1,10,3.29311,339,0,3
684,-86.15,106.06,1,5.5,3.68376,691,0,3
685,92.93,-65.32,1,9,4.86371,773,0,1
686,-171.52,209.65,1,0.5,19.4465,740,0,3
687,-100,80.77,1,0.5,13.1626,376,0,3
688,-95.4,116.31,1,25.5,0.376559,701,0,3
689,-71.94,113.1,1,13,2.43232,168,0,3
690,-142.19,32.59,1,7.5,21.087,310,0,-1
691,-83.05,108.05,1,25,7.60285,887,0,3
692,-23.45,66.67,1,8.5,4.16472,625,0,2
693,-148.55,23.53,1,0.5,11.0695,690,0,-1
694,-105.85,135.05,1,8.5,5.86069,143,0,3
695,138.18,-113.96,1,19,4.45149,863,0,1
696,-64.06,67.83,1,12.5,3.89512,722,0,2
697,-106.38,131.95,1,3.5,3.14499,694,0,3
698,-56.06,84.46,1,21.5,7.23608,605,0,2
699,132.29,-84.23,1,8.5,2.42738,807,0,1
700,124.26,-93.76,1,12,5.49663,570,0,1
701,-95.47,115.94,1,26,6.21459,847,0,3
702,-23.53,41.16,1,8.5,4.1006,872,0,2
703,-180.7,104.93,1,0,8.4566,497,0,-1
704,-85.8,-5.25,1,16,5.24046,466,0,-1
705,-26.73,24.85,1,1.5,7.89385,820,0,2
706,-64.89,75.58,1,11,6.54268,722,0,2
707,-60.87,-13.2,1,10.5,0.738239,504,0,0
708,-163.87,79.32,1,2.5,6.65478,403,0,-1
709,-86.86,-31.41,1,6.5,3.74258,92,0,-1
710,-86.37,0.81,1,12,1.91672,844,0,-1
711,-33.64,65.19,1,16,4.99988,594,0,2
712,-63.19,-24.4,1,13,3.95828,641,0,0
713,-87.67,81.67,1,0,9.67769,271,0,2
714,-117.32,43.72,1,17.5,3.9883,741,0,-1
715,181.99,-158.02,1,5,2.92515,115,0,-1
716,178.13,-145.21,1,18,6.16388,498,0,-1
717,100.96,-60.54,1,8.5,3.02167,758,0,1
718,-82.04,-40.82,1,6,0.967469,815,0,-1
719,191.11,-168.86,1,16,3.41024,781,0,-1
720,-17.33,24.84,1,8.5,4.05031,870,0,2
721,-52.94,62.23,1,11.5,4.56631,224,0,2
722,-61.04,70.29,1,12.5,7.359,94,0,2
723,199.62,-184.85,1,5,4.75293,453,0,-1
724,-76.12,84.93,1,5,2.31387,673,0,2
725,-91.81,2.1,1,11.5,1.20802,543,0,-1
726,202.68,-197,1,5,9.29262,453,0,-1
727,118.1,-60.92,1,18.5,3.60118,280,0,1
728,180.8,-171.59,1,4,5.3282,341,0,-1
729,-60.51,-39.4,1,23,6.99758,658,0,0
730,101.23,-55.43,1,8,5.11713,717,0,1
731,-105.51,118.75,1,4.5,7.0982,209,0,3
732,141.77,-104.55,1,16,1.1204,880,0,1
733,-91.11,99,1,7,7.57048,376,0,3
734,212.29,-207.81,1,1,11.001,539,0,-1
735,-112.13,37.14,1,18.5,1.0302,663,0,-1
736,-38.06,-40.28,1,10,5.23004,338,0,0
737,143.4,-96.85,1,14,4.43356,345,0,1
738,-55.66,-26.84,1,12.5,2.05915,854,0,0
739,127.3,-85.59,1,11,3.19401,827,0,1
740,-154.24,200.73,1,1,19.6563,7,0,3
741,-118.65,39.96,1,18.5,5.96124,477,0,-1
742,137.35,-79.21,1,16,3.48041,649,0,1
743,143.92,-114.36,1,20,2.89214,863,0,1
744,-91.14,-36.19,1,7,17.8781,582,0,-1
745,-125.75,187.29,1,2,3.08359,885,0,3
746,-52.51,76.8,1,9,3.40801,617,0,2
747,-131.8,67.52,1,5,4.67723,779,0,-1
748,-76.23,-17.92,1,11.5,2.5212,180,0,-1
749,-112.15,114.59,1,5,16.4521,292,0,3
750,-59.25,115.82,1,9,6.90132,632,0,3
751,-69.61,-12.14,1,15,5.81013,460,0,0
752,-9.01,22.45,1,8.5,5.11189,242,0,2
753,164.25,-141.71,1,22.5,3.78746,201,0,-1
754,-106.72,23.72,1,8.5,2.37034,152,0,-1
755,-19.14,35.4,1,16,3.12418,675,0,2
756,-65.41,83.73,1,26.5,999,-1,1,2
757,-74.95,101.63,1,5,4.23333,502,0,2
758,99.73,-63.3,1,9,2.26021,773,0,1
759,-37.86,58.32,1,22.5,8.44233,665,0,2
760,85.31,-41.78,1,11.5,7.03251,515,0,1
761,152.76,-114.31,1,17,2.18179,159,0,1
762,-116.44,193.23,1,4.5,31.3079,244,0,3
763,137.08,-101.83,1,14.5,2.10953,513,0,1
764,-29.99,-114.9,1,1.5,18.3718,656,0,-1
765,162.66,-132.59,1,17,3.17648,517,0,-1
766,-59.23,80.73,1,8,4.43272,783,0,2
767,-43.39,-84.43,1,7.5,2.47935,156,0,0
768,-78.16,123.96,1,15,4.87008,775,0,3
769,-43.68,52.57,1,7.5,0.700072,233,0,2
770,146.5,-125.96,1,2,5.81937,782,0,1
771,-60.7,90.08,1,23,2.1346,605,0,2
772,-71.42,-40.14,1,4.5,2.19784,234,0,0
773,97.67,-64.23,1,9,6.57194,849,0,1
774,-138.64,68.28,1,7,2.93002,593,0,-1
775,-79.87,119.4,1,19,2.82567,317,0,3
776,-70.35,110.17,1,22,12.0962,59,0,3
777,179.38,-129.53,1,8.5,3.41576,908,0,-1
778,166.15,-152.37,1,7.5,1.71144,600,0,-1
779,-131.54,62.85,1,7,6.47696,593,0,-1
780,-103.64,12.99,1,11,4.61279,796,0,-1
781,191.07,-172.27,1,17.5,29.9948,716,0,-1
782,149.89,-130.69,1,2.5,11.6501,480,0,1
783,-63.5,81.92,1,8,1.96164,565,0,2
784,-98.48,14.71,1,7.5,2.60215,18,0,-1
785,121.84,-73.47,1,7.5,1.7414,108,0,1
786,156,-142.19,1,2,3.5482,321,0,-1
787,-97.83,-25.63,1,0.5,5.50027,435,0,-1
788,169.83,-138.32,1,20.5,3.48173,449,0,-1
789,158.93,-139.5,1,21.5,3.37676,321,0,-1
790,-130.68,41.1,1,7,3.43003,821,0,-1
791,75.04,-32.95,1,2,9.24005,154,0,1
792,79.52,-40.63,1,1.5,5.9031,760,0,1
793,137.08,-113.55,1,18.5,1.17392,695,0,1
794,-3.81,-132.23,1,4,7.58922,967,0,-1
795,210.47,-189.61,1,4.5,2.38537,889,0,-1
796,-104.51,8.46,1,12,10.2432,839,0,-1
797,71.06,-65.54,1,1,16.0104,136,0,1
798,-84.66,-40.72,1,6,2.26434,815,0,-1
799,219.78,-211.11,1,0.5,8.18475,734,0,-1
800,-48.9,-99.97,1,0,8.17257,650,0,0
801,-99.26,8.75,1,9,0.433822,135,0,-1
802,-110.91,106.6,1,0,8.08565,749,0,3
803,124.92,-79.6,1,10.5,3.25951,267,0,1
804,155.75,-128.57,1,1.5,5.0702,295,0,1
805,-111.06,-10.21,1,4.5,7.45775,904,0,-1
806,-43.63,83.36,1,19,12.4786,698,0,2
807,133.68,-86.22,1,25.5,3.28843,179,0,1
808,-99.3,-12.69,1,4,4.68728,879,0,-1
809,-38.62,61.58,1,21.5,3.34742,759,0,2
810,-101.98,116.36,1,3.5,2.43516,178,0,3
811,98.73,-79.06,1,1,10.1276,849,0,1
812,-64.02,79.15,1,8,3.32201,890,0,2
813,-76.26,-26.54,1,5.5,5.41181,511,0,-1
814,-109.64,20.62,1,10,5.46923,2,0,-1
815,-82.52,-39.98,1,6,5.55252,642,0,-1
816,-92.24,9.42,1,23.5,999,-1,0,-1
817,-124.75,38.94,1,6.5,5.78337,310,0,-1
818,-128.37,30.44,1,0.5,6.28208,117,0,-1
819,106.92,-72.13,1,0.5,3.67111,566,0,1
820,-34.46,26.45,1,1.5,7.70647,858,0,2
821,-133.63,42.85,1,7,6.35743,77,0,-1
822,-22.32,-106.69,1,1,7.47744,656,0,-1
823,201.2,-223.14,1,1.5,26.1819,726,0,-1
824,120.92,-96.95,1,0.5,3.45475,840,0,1
825,-107.25,-36.15,1,1,16.1101,744,0,-1
826,-157.83,67.13,1,3.5,11.2135,532,0,-1
827,124.41,-86.95,1,12.5,4.82313,570,0,1
828,153.16,-93.45,1,16,5.93246,345,0,1
829,-73,-47.86,1,0,4.52283,333,0,0
830,-27.78,42.15,1,10,4.06282,599,0,2
831,63.24,11.7,1,2,8.57775,579,0,1
832,-124.29,70.71,1,3.5,8.15943,747,0,-1
833,-79.66,2.71,1,6,1.26811,397,0,-1
834,148.25,-115.06,1,19,4.38622,743,0,1
835,-114.24,53.92,1,8,5.30627,662,0,-1
836,166.74,-168.46,1,8,20.2472,44,0,-1
837,-47.15,75.85,1,7.5,2.48684,67,0,2
838,-54.25,-47.49,1,4.5,6.25262,313,0,0
839,-114.71,7.52,1,12.5,22.5502,816,0,-1
840,120,-100.28,1,0.5,6.36681,482,0,1
841,192.81,-183.38,1,5,5.92447,845,0,-1
842,-48,42.9,1,1,6.15367,474,0,2
843,115.63,-47.24,1,7,4.01139,621,0,1
844,-86.94,-1.02,1,13.5,0.380786,300,0,-1
845,197.33,-179.55,1,5,9.60135,781,0,-1
846,-49.06,-73.96,1,0.5,2.23861,508,0,0
847,-94.51,109.8,1,26,39.0699,756,1,3
848,53.21,-15.63,1,0.5,3.59924,850,0,2
849,101.74,-69.39,1,9,11.8624,584,0,1
850,55.74,-18.19,1,0.5,13.3239,319,0,2
851,220.95,-211.45,1,0,1.2184,799,0,-1
852,-150.69,83.54,1,5,4.84517,360,0,-1
853,-129.06,54.7,1,4.5,7.94135,50,0,-1
854,-57.06,-25.33,1,12.5,6.20014,712,0,0
855,-130.06,46.46,1,6.5,5.07711,821,0,-1
856,165.19,-147.48,1,23,1.40057,182,0,-1
857,35.73,-33.54,1,2.5,36.6872,88,0,2
858,-35.47,34.09,1,12,5.7555,538,0,2
859,-181.59,117.76,1,4,10.4641,544,0,-1
860,115.26,-87.22,1,13,17.9915,523,0,1
861,147.4,-102.5,1,15,2.69982,434,0,1
862,159.25,-143.8,1,23.5,6.32521,182,0,-1
863,141.89,-116.42,1,20,21.4518,345,0,1
864,-19.78,51.15,1,8.5,9.92617,872,0,2
865,-42.2,82.83,1,18,1.52506,806,0,2
866,-25.79,26.56,1,1,1.95133,705,0,2
867,2.62,8.96,1,6.5,7.71368,553,0,2
868,-127.27,144.27,1,0.5,4.66499,134,0,3
869,-37.07,58.36,1,21.5,0.791013,759,0,2
870,-16.76,20.83,1,9,6.84901,288,0,2
871,208.11,-219.9,1,1,3.77328,897,0,-1
872,-19.43,41.23,1,14,2.79079,675,0,2
873,-70.23,96.6,1,18.5,5.31207,185,0,2
874,-106.73,31.27,1,17.5,3.45324,8,0,-1
875,-70.27,-28.62,1,21,5.13811,635,0,0
876,-69.85,-34.56,1,23,2.08166,610,0,0
877,-115.72,156.07,1,6,5.16651,22,0,3
878,-62.84,-56.79,1,7.5,11.5009,303,0,0
879,-99.89,-17.34,1,4,7.25442,39,0,-1
880,142.89,-104.52,1,16,3.37753,643,0,1
881,119.78,-80.64,1,11.5,3.52001,80,0,1
882,-68.14,65.95,1,12,4.49231,696,0,2
883,81.4,-19.86,1,3,2.15111,458,0,1
884,-78.6,97.73,1,7,8.44593,873,0,2
885,-122.84,186.27,1,2,3.64588,139,0,3
886,-72.3,126.32,1,8.5,5.82262,102,0,3
887,-87.52,114.2,1,25,5.21944,238,0,3
888,-79.31,107.28,1,5,3.81845,691,0,3
889,208.23,-190.43,1,4.5,8.60044,726,0,-1
890,-66.01,76.49,1,10.5,0.412312,481,0,2
891,94.41,-26.28,1,7,4.78127,459,0,1
892,-82.29,-24.14,1,6,5.97262,320,0,-1
893,-97.49,149.32,1,4,7.41033,438,0,3
894,-27.08,38.73,1,9,3.4909,830,0,2
895,105.94,-67.41,1,8,4.64332,849,0,1
896,167.69,-92.98,1,5,9.4995,54,0,1
897,211.85,-219.4,1,1,11.2876,823,0,-1
898,-134.07,155.09,1,0.5,8.22876,134,0,3
899,-50.15,-40.45,1,14.5,1.97294,313,0,0
900,44.01,-61.68,1,1,29.3329,857,0,2
901,52.36,25.76,1,0,12.4154,557,0,1
902,125.57,88.26,1,1,34.7767,929,0,-1
903,183.77,14.83,1,0,34.2461,944,0,1
904,-109.74,-2.87,1,4.5,11.5175,839,0,-1
905,-184.57,-46.87,1,0,26.571,979,0,-1
906,34.42,172.28,1,1,999,-1,0,-1
907,217.08,-6.87,1,0,20.1769,937,0,-1
908,177.13,-126.96,1,8.5,5.19778,531,0,-1
909,69.31,-129.86,1,1,29.0289,995,0,-1
910,-170.31,-200.17,1,0,28.2202,933,0,-1
911,-193.65,103.88,1,0,13.2671,497,0,-1
912,162.04,52.65,1,0,29.4051,954,0,-1
913,-61.33,165.6,1,2,7.40897,918,0,-1
914,127.75,30.64,1,0,999,-1,0,-1
915,1.01,-14.19,1,1,9.99194,299,0,2
916,-133.25,-83.57,1,1,31.8211,956,0,-1
917,211.3,45.73,1,0,35.7588,937,0,-1
918,-58.32,172.37,1,2,4.48476,984,0,-1
919,127.6,-99.3,1,0.5,3.63149,430,0,1
920,-214.47,59.04,1,1.5,2.07967,983,0,-1
921,0.46,-197.55,1,0,23.5271,925,0,-1
922,-66.3,-122.87,1,0,21.7467,923,0,-1
923,-45.56,-129.41,1,0,21.283,764,0,-1
924,-226.38,76.71,1,0,21.3091,920,0,-1
925,-23.03,-196.23,1,0,29.6558,959,0,-1
926,195.42,183.78,1,0,23.875,955,0,-1
927,-27.82,146.4,1,1,28.9936,966,0,3
928,44.11,-95.74,1,1.5,999,-1,0,-1
929,91.53,95.38,1,1,999,-1,0,-1
930,-192.15,132.08,1,1.5,10.7664,406,0,-1
931,-127.96,-46.82,1,0.5,10.6278,956,0,-1
932,-68.66,-178.72,1,0,34.1082,941,0,-1
933,-192.82,-183.15,1,1,13.3399,980,0,-1
934,-203.91,-200.89,1,0,20.9212,933,0,-1
935,200.27,-166.43,1,12,4.83468,249,0,-1
936,149.04,184.05,1,0,23.004,955,0,-1
937,223.7,12.19,1,0,999,-1,0,-1
938,-94.43,-147.94,1,0.5,15.6386,940,0,-1
939,82.55,-73.11,1,0.5,10.4967,136,0,1
940,-108.18,-155.39,1,1,999,-1,0,-1
941,-73.38,-212.5,1,0.5,18.7137,964,0,-1
942,-126.2,120.69,1,0.5,7.32274,657,0,3
943,-166.17,18.55,1,1,27.7878,690,0,-1
944,153.99,-2.08,1,0.5,19.2773,987,0,1
945,203.95,99.94,1,1.5,12.3944,996,0,-1
946,159.99,212.82,1,0,33.485,957,0,-1
947,34.04,-106.46,1,1,14.7079,928,0,-1
948,-207.45,139.97,1,1.5,25.5103,406,0,-1
949,-7.73,-150.14,1,0,4.55089,301,0,-1
950,72.18,102.72,1,0,20.6954,929,0,-1
951,31.48,78.82,1,0.5,10.3122,994,0,2
952,-97.11,-98.03,1,0,10.4724,973,0,0
953,-133.77,104.44,1,0.5,15.5462,614,0,-1
954,184.19,71.99,1,0,24.8925,996,0,-1
955,171.77,180.51,1,0,25.7106,982,0,-1
956,-137.24,-52,1,1,31.3558,979,0,-1
957,127.02,206.97,1,0,999,-1,0,-1
958,-54.22,10.32,1,2,15.9157,336,0,0
959,-27.48,-225.55,1,0,32.752,981,0,-1
960,81.8,-29.17,1,1.5,1.85744,154,0,1
961,135.12,-95.89,1,32,0.73356,619,0,1
962,226.85,-121.49,1,0,36.6113,629,0,-1
963,89.18,14.01,1,2,17.8703,189,0,1
964,-91.85,-215.51,1,1,999,-1,0,-1
965,135.59,-229.99,1,0,999,-1,0,-1
966,-40.97,120.56,1,1.5,18.8845,750,0,3
967,-1.7,-139.52,1,4,999,-1,0,-1
968,28.44,-204.93,1,0,13.3866,985,0,-1
969,106.43,72.95,1,0,24.5099,902,0,-1
970,-87.56,217.49,1,0,37.7174,762,0,3
971,-202.65,-20.84,1,0.5,16.8796,999,0,-1
972,-206.35,-124.76,1,0,999,-1,0,-1
973,-86.88,-95.79,1,1.5,34.0506,16,0,0
974,123.55,-39.19,1,3.5,11.0156,621,0,1
975,-22.69,179.58,1,0,33.5742,927,0,3
976,-119.64,7.3,1,10.5,4.93491,839,0,-1
977,-94.16,-62.78,1,1,24.0186,798,0,-1
978,110.24,-151.08,1,0,26.484,995,0,-1
979,-162.03,-32.8,1,1,999,-1,0,-1
980,-195.39,-170.06,1,1.5,999,-1,0,-1
981,-60.16,-227.72,1,0,20.1598,941,0,-1
982,171.95,154.8,1,0.5,12.2224,992,0,-1
983,-213.56,57.17,1,1.5,999,-1,0,-1
984,-56.83,176.6,1,2,999,-1,0,-1
985,41.77,-206.16,1,2,16.472,986,0,-1
986,34.79,-221.08,1,2,999,-1,0,-1
987,138.3,-13.28,1,1,29.8143,974,0,1
988,-101.23,11.16,1,9.5,0.934077,128,0,-1
989,133.83,-51.66,1,3.5,6.79473,223,0,1
990,-27.7,-75.9,1,4.5,4.24304,130,0,0
991,-4.1,-171.64,1,1,26.2894,301,0,-1
992,167.22,143.53,1,1,17.92,998,0,-1
993,-88.39,179.01,1,0,23.3862,269,0,3
994,22.45,73.84,1,1,37.057,491,0,2
995,84.03,-154.88,1,1,999,-1,0,-1
996,203.62,87.55,1,1.5,999,-1,0,-1
997,108.69,-23.25,1,1.5,3.33714,127,0,1
998,185.02,141.46,1,1.5,999,-1,0,-1
999,-212.27,-34.71,1,1,999,-1,0,-1
