index,x0,x1,x2,weight,rho,delta,nh,isSeed,clusterId
0,7.55959,-6.26697,0,1,500.5,0.0598207,751,0,0
1,-9.7971,-1.42508,0,1,483,0.0603551,234,0,0
2,9.5108,1.53105,0,1,477,0.147568,290,0,0
3,7.50251,-7.65977,0,1,498.5,0.092532,977,0,0
4,-7.70393,-1.89447,0,1,500.5,0.0456389,48,0,0
5,6.71274,-5.77175,0,1,500.5,0.0980827,459,0,0
6,8.03145,0.0863627,0,1,499.5,0.179726,301,0,0
7,9.30312,0.294785,0,1,488,0.094094,64,0,0
8,7.94883,-0.813584,0,1,500.5,0.143677,875,0,0
9,-8.98174,-0.860458,0,1,498.5,0.165849,336,0,0
10,-10.9187,-1.37776,0,1,418,0.377574,712,0,0
11,6.98897,-4.91334,0,1,500.5,0.0631258,170,0,0
12,-9.48241,-3.19434,0,1,487,0.110549,681,0,0
13,-9.40297,-1.21416,0,1,492.5,0.0240106,949,0,0
14,8.60795,-6.43378,0,1,491,0.107578,880,0,0
15,-8.70567,-1.23833,0,1,499,0.102176,94,0,0
16,5.87077,-4.94046,0,1,500.5,0.0799671,936,0,0
17,3.03726,-8.02252,0,1,500.5,0.0368299,759,0,0
18,9.16087,-4.82389,0,1,488.5,0.437251,268,0,0
19,3.83679,-7.31224,0,1,500.5,0.0475444,418,0,0
20,9.88629,-0.0481614,0,1,473,0.067907,781,0,0
21,8.64718,-5.64482,0,1,493.5,0.242788,699,0,0
22,-7.80398,-2.55085,0,1,500.5,0.14869,368,0,0
23,3.5141,-8.69211,0,1,500.5,0.00121802,262,0,0
24,9.23289,-1.01142,0,1,492,0.0933306,494,0,0
25,4.7064,-8.06103,0,1,500.5,0.111956,970,0,0
26,8.71616,-1.53621,0,1,498,0.0586205,678,0,0
27,8.24524,-5.97102,0,1,497.5,0.125907,297,0,0
28,10.444,-1.47975,0,1,448.5,0.0657946,608,0,0
29,-6.9842,-1.7663,0,1,500.5,0.312664,198,0,0
30,7.99536,-5.93508,0,1,498.5,0.0669405,507,0,0
31,6.76557,-6.18541,0,1,500.5,0.0786583,309,0,0
32,2.60385,-9.44665,0,1,500.5,0.0779567,693,0,0
33,7.47129,0.223286,0,1,500.5,0.0916819,924,0,0
34,-10.5828,-3.40079,0,1,441,0.0356,149,0,0
35,8.7311,-0.0141731,0,1,497,0.189008,995,0,0
36,7.03725,-4.33327,0,1,500.5,0.161628,470,0,0
37,2.74487,-7.74566,0,1,500.5,0.0542302,347,0,0
38,2.9408,-9.24226,0,1,500.5,0.0714106,634,0,0
39,8.61882,-5.13262,0,1,496,0.171861,374,0,0
40,2.83981,-6.21051,0,1,500.5,0.125969,857,0,0
41,3.96031,-8.68759,0,1,500.5,0.0595217,784,0,0
42,3.5344,-7.46439,0,1,500.5,0.189378,285,0,0
43,-7.88965,-1.34238,0,1,500.5,0.171762,848,0,0
44,3.59366,-7.69713,0,1,500.5,0.229769,414,0,0
45,-8.97713,-2.98947,0,1,496.5,0.0298538,397,0,0
46,5.48381,-6.49645,0,1,500.5,0.0820247,710,0,0
47,5.7637,-5.74139,0,1,500.5,0.0666673,854,0,0
48,-7.67345,-1.92844,0,1,500.5,0.0185682,326,0,0
49,3.71603,-7.37178,0,1,500.5,0.046227,179,0,0
50,2.73696,-7.79934,0,1,500.5,0.0990335,347,0,0
51,7.96103,-5.57047,0,1,499,0.0724224,97,0,0
52,9.82802,-0.90964,0,1,478,0.115609,954,0,0
53,3.49467,-8.09831,0,1,500.5,0.164712,134,0,0
54,9.73678,-0.568484,0,1,479.5,0.0756496,549,0,0
55,-10.7291,-2.58512,0,1,435.5,0.0983338,901,0,0
56,-8.40502,-4.13728,0,1,499,0.414172,716,0,0
57,-7.37538,-1.34682,0,1,500.5,0.0728559,649,0,0
58,-9.57564,-0.50147,0,1,489.5,0.181703,263,0,0
59,7.86967,-4.97466,0,1,500.5,0.0592157,382,0,0
60,9.59065,-0.310202,0,1,481.5,0.122492,775,0,0
61,-8.02749,-0.657463,0,1,500.5,0.0788743,641,0,0
62,3.65115,-8.73112,0,1,500.5,0.143614,262,0,0
63,-11.0337,-1.40524,0,1,406.5,0.118259,10,0,0
64,9.21286,0.321375,0,1,490,0.112102,473,0,0
65,6.3608,-5.3174,0,1,500.5,0.0915631,615,0,0
66,6.10986,-5.6865,0,1,500.5,0.111648,496,0,0
67,8.19049,-5.61679,0,1,498,0.0483687,988,0,0
68,6.65579,-7.19207,0,1,500.5,0.271947,705,0,0
69,3.27735,-7.76645,0,1,500.5,0.0871326,773,0,0
70,-9.10296,-3.30124,0,1,495,0.332807,397,0,0
71,-11.2194,-3.10852,0,1,393.5,0.0941754,320,0,0
72,9.41689,-0.492215,0,1,486,0.127598,950,0,0
73,9.6042,0.891833,0,1,478.5,0.205925,166,0,0
74,6.90439,-7.06767,0,1,500.5,0.241633,107,0,0
75,-10.469,-2.12363,0,1,452.5,0.0196369,616,0,0
76,8.44953,-6.28509,0,1,495,0.0705068,150,0,0
77,2.23646,-9.39486,0,1,500.5,0.295815,693,0,0
78,-8.15189,-3.00254,0,1,500,0.159306,371,0,0
79,4.05723,-7.98236,0,1,500.5,0.0556105,629,0,0
80,-8.78789,-0.492879,0,1,498.5,0.113782,361,0,0
81,8.03012,-0.808621,0,1,500,0.0814416,8,0,0
82,6.35125,-5.18836,0,1,500.5,0.185898,615,0,0
83,2.80869,-6.35742,0,1,500.5,0.0927248,673,0,0
84,6.63395,-6.60567,0,1,500.5,0.128478,613,0,0
85,8.65796,-2.14327,0,1,498,0.462489,108,0,0
86,8.47826,-0.391209,0,1,498.5,0.091644,495,0,0
87,11.8769,-1.39752,0,1,396.5,0.908327,553,0,0
88,2.40429,-8.08524,0,1,500.5,0.11735,920,0,0
89,3.37414,-8.58789,0,1,500.5,0.0893295,555,0,0
90,9.05039,0.472545,0,1,491.5,0.233078,325,0,0
91,3.32179,-7.42044,0,1,500.5,0.131125,132,0,0
92,-9.43938,-1.5102,0,1,491,0.125886,184,0,0
93,8.59945,1.84513,0,1,496.5,0.313391,106,0,0
94,-8.60413,-1.24972,0,1,499.5,0.210569,735,0,0
95,7.36299,-0.856612,0,1,500.5,0.197624,214,0,0
96,6.61602,-5.91234,0,1,500.5,0.0810307,359,0,0
97,7.91578,-5.62701,0,1,499,0.2339,824,0,0
98,3.2873,-6.79595,0,1,500.5,0.101798,334,0,0
99,3.43233,-7.07105,0,1,500.5,0.112777,240,0,0
100,3.45949,-6.55157,0,1,500.5,0.153865,886,0,0
101,2.70404,-9.22315,0,1,500.5,0.0777205,477,0,0
102,-10.4847,-2.12201,0,1,451.5,0.0158426,75,0,0
103,8.62093,-6.13052,0,1,493,0.022263,480,0,0
104,6.6803,0.953493,0,1,500.5,0.148752,624,0,0
105,7.33205,-6.17684,0,1,500.5,0.137554,753,0,0
106,8.37404,1.6274,0,1,497.5,0.659317,947,0,0
107,7.11189,-6.94385,0,1,500.5,0.000981344,250,0,0
108,8.43334,-1.73899,0,1,498.5,0.0826551,444,0,0
109,2.67659,-8.25109,0,1,500.5,0.0298658,574,0,0
110,2.64892,-8.03026,0,1,500.5,0.137798,920,0,0
111,8.57249,1.1991,0,1,497,0.20315,115,0,0
112,-10.1955,-3.73515,0,1,458,0.0853377,657,0,0
113,6.15015,-6.16923,0,1,500.5,0.077487,464,0,0
114,8.15063,-0.539383,0,1,499.5,0.112848,740,0,0
115,8.61441,1.39788,0,1,497,0.332351,106,0,0
116,1.80577,-6.32571,0,1,500.5,0.272167,996,0,0
117,8.08685,0.839408,0,1,499.5,0.429095,136,0,0
118,9.31098,-4.61962,0,1,485,0.0451833,991,0,0
119,7.33165,-4.86044,0,1,500.5,0.055501,709,0,0
120,8.7595,-6.27779,0,1,490.5,0.111485,154,0,0
121,1.66091,-6.86015,0,1,500.5,0.149381,279,0,0
122,6.64618,-4.0643,0,1,500.5,0.253852,604,0,0
123,4.07757,-9.80537,0,1,500.5,0.172806,233,0,0
124,9.66826,0.287758,0,1,478.5,0.108892,889,0,0
125,4.49927,-8.38072,0,1,500.5,0.199489,711,0,0
126,5.02078,-9.56241,0,1,500.5,0.795895,782,0,0
127,3.76916,-6.81654,0,1,500.5,0.0333432,730,0,0
128,2.61689,-8.95802,0,1,500.5,0.168956,215,0,0
129,8.91245,-4.14051,0,1,493,0.198937,300,0,0
130,-10.9579,-2.24778,0,1,420.5,0.399263,435,0,0
131,8.15883,-6.92199,0,1,497,0.0113157,895,0,0
132,3.29461,-7.29216,0,1,500.5,0.244706,285,0,0
133,7.68068,-5.71404,0,1,500.5,0.249253,526,0,0
134,3.51187,-8.26213,0,1,500.5,0.161885,573,0,0
135,8.84243,-0.409292,0,1,496.5,0.0894012,961,0,0
136,7.86997,0.469159,0,1,499.5,0.129689,538,0,0
137,7.62835,-6.05974,0,1,500.5,0.0761637,825,0,0
138,6.58707,-5.70293,0,1,500.5,0.0637735,474,0,0
139,2.39476,-7.69657,0,1,500.5,0.065368,261,0,0
140,1.86909,-4.83809,0,1,500.5,0.837127,944,0,0
141,1.86242,-7.46145,0,1,500.5,0.149158,451,0,0
142,1.97021,-9.99924,0,1,500.5,0.460225,289,0,0
143,8.25499,-1.14216,0,1,499.5,0.140473,329,0,0
144,9.52117,-4.87128,0,1,480.5,0.327893,118,0,0
145,4.10189,-6.86429,0,1,500.5,0.178351,247,0,0
146,5.03205,-6.32795,0,1,500.5,0.228565,921,0,0
147,6.72381,-6.00442,0,1,500.5,0.108424,280,0,0
148,7.94469,-6.44953,0,1,498.5,0.0801883,218,0,0
149,-10.5746,-3.43543,0,1,441,0.483228,112,0,0
150,8.43794,-6.35464,0,1,495,0.251724,684,0,0
151,7.5856,-6.45078,0,1,500.5,0.0449813,927,0,0
152,-9.66436,-1.50081,0,1,488,0.100223,401,0,0
153,2.62136,-8.55328,0,1,500.5,0.0909546,520,0,0
154,8.79985,-6.17386,0,1,490.5,0.184095,103,0,0
155,4.20521,-6.65133,0,1,500.5,0.0748056,513,0,0
156,2.88941,-7.59667,0,1,500.5,0.114848,902,0,0
157,6.57485,-4.43263,0,1,500.5,0.0838493,257,0,0
158,10.726,-1.60285,0,1,437,0.299022,802,0,0
159,8.84318,1.29222,0,1,494,0.251991,115,0,0
160,9.19668,-0.676141,0,1,492.5,0.16264,499,0,0
161,-9.13186,-1.63015,0,1,496.5,0.113178,794,0,0
162,6.47391,-0.549739,0,1,500.5,0.183845,858,0,0
163,1.45381,-6.8326,0,1,500.5,0.181092,686,0,0
164,10.2777,-0.721371,0,1,455.5,0.0398324,245,0,0
165,-8.50801,-4.82014,0,1,497.5,0.402145,827,0,0
166,9.56885,1.0947,0,1,478.5,0.337981,345,0,0
167,10.0424,-3.3704,0,1,468,0.689243,450,0,0
168,2.24885,-6.09978,0,1,500.5,0.122074,980,0,0
169,3.0591,-5.7376,0,1,500.5,0.253433,381,0,0
170,7.03504,-4.9565,0,1,500.5,0.0503208,707,0,0
171,6.51842,-4.6619,0,1,500.5,0.154721,257,0,0
172,10.2784,-0.0147952,0,1,452.5,0.189186,737,0,0
173,7.13662,-0.61061,0,1,500.5,0.31357,214,0,0
174,8.45833,-3.88727,0,1,498,0.212753,727,0,0
175,6.82463,-4.59813,0,1,500.5,0.13728,529,0,0
176,4.98119,-8.52948,0,1,500.5,0.268932,565,0,0
177,-8.30037,-1.4719,0,1,500,0.0283765,635,0,0
178,3.46584,-6.73691,0,1,500.5,0.0455069,685,0,0
179,3.76177,-7.37848,0,1,500.5,0.0545205,418,0,0
180,2.93337,-6.99417,0,1,500.5,0.0286653,792,0,0
181,3.06682,-8.45407,0,1,500.5,0.187251,871,0,0
182,9.3079,-5.68946,0,1,481.5,0.39953,713,0,0
183,9.69483,0.000894048,0,1,479,0.181723,527,0,0
184,-9.31528,-1.48909,0,1,494.5,0.231389,161,0,0
185,-9.75655,-1.88056,0,1,483.5,0.0582458,552,0,0
186,-9.96622,-3.82302,0,1,469,0.300232,298,0,0
187,8.84751,-0.562449,0,1,496.5,0.0693132,324,0,0
188,-11.0877,-1.67142,0,1,403.5,0.271609,63,0,0
189,10.7415,1.5387,0,1,423.5,0.684286,891,0,0
190,6.89156,-7.72547,0,1,500.5,0.414928,680,0,0
191,7.83959,-0.661006,0,1,500.5,0.0956904,875,0,0
192,2.42325,-7.32363,0,1,500.5,0.0757479,600,0,0
193,-9.12875,-2.32214,0,1,496,0.0665379,543,0,0
194,5.77144,-6.89784,0,1,500.5,0.108706,501,0,0
195,8.32327,-4.83533,0,1,498,0.0798441,227,0,0
196,8.20889,-5.33608,0,1,498,0.0869689,702,0,0
197,10.2022,-0.72645,0,1,460.5,0.0672539,406,0,0
198,-6.72862,-1.94641,0,1,500.5,0.0260993,446,0,0
199,2.34287,-8.39285,0,1,500.5,0.218745,662,0,0
200,8.89274,-8.11608,0,1,474,0.485741,694,0,0
201,7.6176,-5.30059,0,1,500.5,0.0828959,519,0,0
202,1.75413,-7.02413,0,1,500.5,0.0802661,706,0,0
203,-8.20274,-1.24555,0,1,500,0.151088,393,0,0
204,-10.9882,-1.93783,0,1,414,0.311421,130,0,0
205,7.13055,-2.07619,0,1,500.5,0.6228,331,0,0
206,-8.66154,-3.13822,0,1,499,0.223576,873,0,0
207,3.6924,-7.97982,0,1,500.5,0.0301549,392,0,0
208,9.11983,-3.51682,0,1,492,0.501372,855,0,0
209,-9.80271,-3.23847,0,1,478,0.277809,490,0,0
210,8.92533,-1.60739,0,1,496,0.106331,983,0,0
211,-8.18119,-2.0512,0,1,500,0.143222,703,0,0
212,7.85719,-6.44389,0,1,498.5,0.0301881,218,0,0
213,10.9768,0.0480644,0,1,423.5,0.497733,771,0,0
214,7.17638,-0.921649,0,1,500.5,0.19731,758,0,0
215,2.6505,-8.79244,0,1,500.5,0.111865,777,0,0
216,9.29606,-0.0173644,0,1,489,0.173837,478,0,0
217,9.74353,-0.705959,0,1,479.5,0.0621128,547,0,0
218,7.8713,-6.4172,0,1,498.5,0.0642749,718,0,0
219,2.70592,-6.96312,0,1,500.5,0.030501,823,0,0
220,8.94287,-0.319459,0,1,495,0.127415,961,0,0
221,2.65035,-7.16826,0,1,500.5,0.130134,972,0,0
222,-9.21385,-0.923001,0,1,496.5,0.240392,9,0,0
223,7.73834,-5.30733,0,1,500.5,0.0573718,945,0,0
224,8.41352,-7.00638,0,1,492.5,0.268303,131,0,0
225,-10.032,-1.37408,0,1,474.5,0.0401177,632,0,0
226,2.43568,-5.639,0,1,500.5,0.359159,350,0,0
227,8.39394,-4.79817,0,1,498,0.177119,313,0,0
228,8.5415,-1.12702,0,1,498.5,0.263475,725,0,0
229,7.60456,-5.07712,0,1,500.5,0.212353,945,0,0
230,1.87572,-8.10582,0,1,500.5,0.164952,546,0,0
231,6.49784,-5.88477,0,1,500.5,0.116457,359,0,0
232,-9.1311,-1.96036,0,1,496.5,0.136177,645,0,0
233,4.11844,-9.63746,0,1,500.5,0.612181,719,0,0
234,-9.78918,-1.48491,0,1,483,0.125829,152,0,0
235,5.64655,-6.62665,0,1,500.5,0.283935,710,0,0
236,7.34543,-4.39192,0,1,500.5,0.0758224,430,0,0
237,-10.7607,-0.0514789,0,1,419.5,0.185694,926,0,0
238,6.8419,-6.29954,0,1,500.5,0.0267562,358,0,0
239,8.4763,-0.103168,0,1,498.5,0.00453752,433,0,0
240,3.32179,-7.0487,0,1,500.5,0.287411,909,0,0
241,2.79998,-8.79807,0,1,500.5,0.0827267,777,0,0
242,-9.80128,-1.14752,0,1,483,0.205198,454,0,0
243,-10.1327,-1.60396,0,1,471,0.111267,761,0,0
244,8.82622,-1.54207,0,1,497,0.11021,26,0,0
245,10.2417,-0.73838,0,1,458,0.041257,197,0,0
246,-9.87426,-0.694976,0,1,480,0.00751092,907,0,0
247,4.07127,-7.03999,0,1,500.5,0.239473,607,0,0
248,-9.03978,-2.74677,0,1,496.5,0.101994,363,0,0
249,-8.41604,-1.57756,0,1,499.5,0.0811109,445,0,0
250,7.11174,-6.94288,0,1,500.5,0.136577,330,0,0
251,8.3777,0.212686,0,1,498.5,0.155058,633,0,0
252,-7.31608,-2.07819,0,1,500.5,0.269942,544,0,0
253,10.1645,0.206823,0,1,457,0.0361427,461,0,0
254,-9.49693,-2.34898,0,1,489.5,0.128415,443,0,0
255,2.71235,-8.21436,0,1,500.5,0.0296645,905,0,0
256,8.48461,-0.820796,0,1,498.5,0.0538627,725,0,0
257,6.53938,-4.50861,0,1,500.5,0.207262,769,0,0
258,2.03135,-7.04944,0,1,500.5,0.0659788,746,0,0
259,4.13442,-7.9514,0,1,500.5,0.0947403,390,0,0
260,8.1075,-6.35123,0,1,498,0.190193,148,0,0
261,2.36252,-7.75343,0,1,500.5,0.0966717,790,0,0
262,3.51289,-8.69228,0,1,500.5,0.0737964,422,0,0
263,-9.48341,-0.658027,0,1,491.5,0.201868,315,0,0
264,1.96063,-8.44187,0,1,500.5,0.166966,591,0,0
265,7.54711,-7.98311,0,1,498.5,0.3127,977,0,0
266,9.96258,1.15683,0,1,463,0.366408,284,0,0
267,9.13459,-0.371133,0,1,493,0.0886634,505,0,0
268,8.72905,-4.75518,0,1,495.5,0.206738,307,0,0
269,9.37428,0.670359,0,1,483,0.0180306,530,0,0
270,3.84921,-7.64314,0,1,500.5,0.198735,937,0,0
271,7.94468,-1.61375,0,1,500.5,0.318831,598,0,0
272,-8.90195,-2.33961,0,1,497.5,0.142054,852,0,0
273,-9.95414,-1.81083,0,1,477.5,0.209531,185,0,0
274,3.24973,-6.30544,0,1,500.5,0.188743,332,0,0
275,2.58879,-6.90684,0,1,500.5,0.104259,396,0,0
276,7.54049,0.606595,0,1,500.5,0.102786,861,0,0
277,10.0967,-0.864491,0,1,467.5,0.224898,929,0,0
278,3.88267,-6.65814,0,1,500.5,0.224397,730,0,0
279,1.80819,-6.88511,0,1,500.5,0.051225,556,0,0
280,6.82781,-6.03508,0,1,500.5,0.19712,928,0,0
281,1.77223,-8.56488,0,1,500.5,0.159362,581,0,0
282,-9.92461,-2.02186,0,1,478.5,0.184345,647,0,0
283,8.64443,-0.451733,0,1,497.5,0.0813262,774,0,0
284,9.86268,0.804302,0,1,468.5,0.272895,73,0,0
285,3.53872,-7.27506,0,1,500.5,0.210108,919,0,0
286,-9.89633,-0.971422,0,1,479.5,0.113731,454,0,0
287,0.165938,-6.9441,0,1,500.5,0.630622,846,0,0
288,9.83964,-0.484326,0,1,475.5,0.132902,54,0,0
289,2.41578,-9.88402,0,1,500.5,0.480217,693,0,0
290,9.39231,1.61901,0,1,480.5,0.58369,364,0,0
291,-9.78951,-2.38185,0,1,481,0.0880264,560,0,0
292,3.45624,-6.36946,0,1,500.5,0.215275,922,0,0
293,2.4093,-6.94276,0,1,500.5,0.0993671,396,0,0
294,-11.696,-1.51827,0,1,353.5,0.512479,878,0,0
295,8.08972,-6.80028,0,1,497,0.0915267,387,0,0
296,8.85536,-5.24957,0,1,492,0.213461,575,0,0
297,8.17761,-6.07723,0,1,498,0.231133,30,0,0
298,-9.81117,-3.56592,0,1,476.5,0.20916,448,0,0
299,9.04177,-0.610217,0,1,494,0.0272638,499,0,0
300,8.75281,-4.25922,0,1,496.5,0.474413,174,0,0
301,8.17573,-0.0208026,0,1,499.5,0.382805,953,0,0
302,8.71214,-0.640566,0,1,497.5,0.102517,772,0,0
303,8.03046,-4.10587,0,1,500.5,0.242607,482,0,0
304,7.28744,-6.32918,0,1,500.5,0.179211,985,0,0
305,6.75379,-4.97726,0,1,500.5,0.164279,656,0,0
306,-9.07431,-2.08854,0,1,497,0.025226,638,0,0
307,8.61781,-4.92944,0,1,497.5,0.123675,837,0,0
308,8.01938,-3.52995,0,1,500.5,0.577456,482,0,0
309,6.68701,-6.18148,0,1,500.5,0.18778,358,0,0
310,5.4421,-4.92426,0,1,500.5,0.132271,722,0,0
311,-9.78653,-2.91963,0,1,480.5,0.231684,617,0,0
312,7.25037,-6.73877,0,1,500.5,0.164227,330,0,0
313,8.41203,-4.97436,0,1,498,0.143669,534,0,0
314,7.73295,0.265159,0,1,500.5,0.0112211,338,0,0
315,-9.28833,-0.70992,0,1,495.5,0.225722,222,0,0
316,9.34257,-0.926821,0,1,488.5,0.138515,24,0,0
317,10.4874,0.321437,0,1,441.5,0.192397,404,0,0
318,8.46667,0.47505,0,1,498,0.0787915,951,0,0
319,2.24174,-6.82592,0,1,500.5,0.104919,447,0,0
320,-11.1255,-3.10182,0,1,404,0.619628,34,0,0
321,3.17892,-9.25512,0,1,500.5,0.10225,997,0,0
322,8.85257,-1.15513,0,1,496.5,0.0702101,731,0,0
323,-9.47099,-2.60528,0,1,489.5,0.129227,443,0,0
324,8.78739,-0.527952,0,1,497,0.0927298,362,0,0
325,9.08678,0.242327,0,1,491.5,0.273618,597,0,0
326,-7.66176,-1.91402,0,1,500.5,0.132588,650,0,0
327,3.73907,-8.50598,0,1,500.5,0.0412127,460,0,0
328,7.8726,-6.18218,0,1,499,0.101623,760,0,0
329,8.16542,-1.25037,0,1,499.5,0.111938,566,0,0
330,7.10087,-6.80674,0,1,500.5,0.172028,933,0,0
331,7.44889,-1.5409,0,1,500.5,0.430993,595,0,0
332,3.09978,-6.42006,0,1,500.5,0.192891,369,0,0
333,6.66091,-0.76766,0,1,500.5,0.114662,858,0,0
334,3.20469,-6.73647,0,1,500.5,0.11108,793,0,0
335,8.81066,-0.191617,0,1,497,0.132502,961,0,0
336,-8.91814,-0.707288,0,1,498.5,0.244331,361,0,0
337,4.3965,-7.28799,0,1,500.5,0.114003,723,0,0
338,7.72287,0.270095,0,1,500.5,0.179679,756,0,0
339,7.26676,-5.83187,0,1,500.5,0.0756625,642,0,0
340,-9.24375,-2.7091,0,1,494,0.193299,363,0,0
341,8.78249,0.863826,0,1,495.5,0.206148,671,0,0
342,8.96889,-1.45619,0,1,495,0.0664021,983,0,0
343,2.07192,-8.83479,0,1,500.5,0.0768603,466,0,0
344,8.38627,-5.4173,0,1,497.5,0.0104075,887,0,0
345,9.34554,0.841,0,1,483,0.163084,530,0,0
346,10.9285,-0.792586,0,1,427.5,0.326026,821,0,0
347,2.71013,-7.70401,0,1,500.5,0.172577,695,0,0
348,-9.48425,-4.2059,0,1,482,0.477313,765,0,0
349,3.40918,-6.04821,0,1,500.5,0.102186,787,0,0
350,2.76733,-5.77685,0,1,500.5,0.411932,381,0,0
351,-8.54002,-0.255137,0,1,499.5,0.0798269,786,0,0
352,-8.39344,-1.39758,0,1,500,0.145262,635,0,0
353,9.32924,-6.04915,0,1,480.5,0.27557,713,0,0
354,-7.95386,-3.32154,0,1,500.5,0.223908,371,0,0
355,10.3746,2.13123,0,1,433,0.155849,891,0,0
356,-8.41488,-1.44511,0,1,499.5,0.0521429,352,0,0
357,3.25187,-9.12323,0,1,500.5,0.19042,997,0,0
358,6.81965,-6.3144,0,1,500.5,0.118744,928,0,0
359,6.60193,-5.83255,0,1,500.5,0.0737367,474,0,0
360,5.35083,-6.72771,0,1,500.5,0.164801,683,0,0
361,-8.89789,-0.463798,0,1,498.5,0.354146,786,0,0
362,8.71649,-0.468183,0,1,497,0.0739172,283,0,0
363,-9.06072,-2.64695,0,1,496.5,0.202283,883,0,0
364,9.03148,1.16022,0,1,490.5,0.143899,820,0,0
365,8.89511,-0.688314,0,1,496,0.134567,187,0,0
366,-6.1006,-2.12293,0,1,500.5,0.505304,438,0,0
367,8.48042,-7.62037,0,1,489,0.215073,715,0,0
368,-7.83444,-2.69638,0,1,500.5,0.244121,939,0,0
369,2.92449,-6.50057,0,1,500.5,0.152245,866,0,0
370,2.46189,-7.6691,0,1,500.5,0.0811467,695,0,0
371,-8.03819,-3.11412,0,1,500.5,0.234559,939,0,0
372,-8.71366,-3.62513,0,1,498,0.349177,558,0,0
373,7.90664,-8.75477,0,1,492,0.681433,410,0,0
374,8.45118,-5.09477,0,1,497.5,0.124039,534,0,0
375,-9.39325,-1.79116,0,1,492,0.242438,645,0,0
376,-8.85845,-2.91948,0,1,497.5,0.0908613,979,0,0
377,6.27049,-1.08337,0,1,500.5,0.471575,858,0,0
378,7.5947,0.13084,0,1,500.5,0.0097413,756,0,0
379,4.74116,-7.38915,0,1,500.5,0.262877,599,0,0
380,3.19176,-9.86196,0,1,500.5,0.165379,485,0,0
381,3.12425,-5.98251,0,1,500.5,0.190306,787,0,0
382,7.84611,-4.92034,0,1,500.5,0.26173,554,0,0
383,2.50344,-6.72064,0,1,500.5,0.0669169,971,0,0
384,-8.31369,-1.96867,0,1,500,0.0640333,703,0,0
385,-7.63763,-0.409906,0,1,500.5,0.272347,651,0,0
386,4.82861,-7.04878,0,1,500.5,0.199962,432,0,0
387,8.05362,-6.88439,0,1,497,0.109908,895,0,0
388,8.91915,-6.4199,0,1,486.5,0.21374,120,0,0
389,-7.44308,-0.85565,0,1,500.5,0.391059,956,0,0
390,4.20966,-8.00897,0,1,500.5,0.186184,629,0,0
391,9.42699,-1.87402,0,1,486.5,0.19473,741,0,0
392,3.66357,-7.98863,0,1,500.5,0.0639244,952,0,0
393,-8.07384,-1.16673,0,1,500.5,0.0940323,511,0,0
394,6.56502,-6.02199,0,1,500.5,0.253519,860,0,0
395,9.45926,-0.26552,0,1,483.5,0.021297,537,0,0
396,2.48763,-6.88161,0,1,500.5,0.176562,971,0,0
397,-9.00623,-2.98281,0,1,496.5,0.16078,376,0,0
398,-10.1075,-2.47635,0,1,471,0.143502,896,0,0
399,10.0228,-0.529212,0,1,467.5,0.0102823,809,0,0
400,3.7437,-8.8725,0,1,500.5,0.299932,784,0,0
401,-9.57359,-1.45832,0,1,489.5,0.0259921,609,0,0
402,9.74508,-5.03414,0,1,474.5,0.276879,144,0,0
403,8.77493,-6.91564,0,1,487,0.117442,583,0,0
404,10.3258,0.425815,0,1,448,0.271968,253,0,0
405,8.84741,0.88328,0,1,494,0.0677706,341,0,0
406,10.1852,-0.661385,0,1,463,0.17696,423,0,0
407,9.78809,0.0707448,0,1,475.5,0.116519,183,0,0
408,7.09846,-5.22257,0,1,500.5,0.0601707,789,0,0
409,1.95606,-9.04463,0,1,500.5,0.164548,813,0,0
410,7.60645,-8.14302,0,1,497.5,0.170562,265,0,0
411,8.66809,-1.45131,0,1,498,0.03904,678,0,0
412,7.28668,-7.42238,0,1,500.5,0.113598,680,0,0
413,1.60457,-7.47418,0,1,500.5,0.220687,451,0,0
414,3.3673,-7.6577,0,1,500.5,0.124237,773,0,0
415,-9.62932,-2.699,0,1,485,0.111559,884,0,0
416,1.97487,-7.87792,0,1,500.5,0.10072,546,0,0
417,2.91394,-8.03718,0,1,500.5,0.151302,759,0,0
418,3.80856,-7.35049,0,1,500.5,0.171401,919,0,0
419,10.5172,-0.179028,0,1,441.5,0.200525,841,0,0
420,7.77543,-6.73912,0,1,498.5,0.185545,704,0,0
421,-9.54136,-0.762028,0,1,490.5,0.119054,263,0,0
422,3.48465,-8.62409,0,1,500.5,0.17867,555,0,0
423,10.01,-0.636836,0,1,469,0.228631,288,0,0
424,9.0194,-1.38833,0,1,494.5,0.0249714,805,0,0
425,-8.69277,-2.26556,0,1,499,0.153224,852,0,0
426,-9.71364,-2.18593,0,1,484.5,0.0702468,436,0,0
427,8.15812,-1.83391,0,1,500,0.118637,598,0,0
428,8.98403,-0.168078,0,1,494,0.00396601,850,0,0
429,-9.70916,-2.06949,0,1,485,0.185182,436,0,0
430,7.36659,-4.31911,0,1,500.5,0.187144,452,0,0
431,-10.5984,-2.68521,0,1,444.5,0.197841,888,0,0
432,5.00377,-7.14523,0,1,500.5,0.0958161,654,0,0
433,8.48083,-0.103078,0,1,498.5,0.126643,744,0,0
434,8.69422,0.405478,0,1,497,0.210597,951,0,0
435,-10.5742,-2.1375,0,1,447,0.0907862,102,0,0
436,-9.69752,-2.25431,0,1,485,0.0841762,968,0,0
437,6.22254,-7.66138,0,1,500.5,0.421123,814,0,0
438,-6.55429,-2.34541,0,1,500.5,0.423446,446,0,0
439,5.03769,-7.04212,0,1,500.5,0.0264908,654,0,0
440,6.08502,-6.61254,0,1,500.5,0.453392,501,0,0
441,-11.9112,-2.82293,0,1,342.5,0.748371,71,0,0
442,8.59316,-0.258471,0,1,497.5,0.127258,495,0,0
443,-9.482,-2.47652,0,1,489.5,0.239865,612,0,0
444,8.36284,-1.78214,0,1,499,0.158954,648,0,0
445,-8.43091,-1.6573,0,1,499.5,0.20854,998,0,0
446,-6.74452,-1.9671,0,1,500.5,0.540451,763,0,0
447,2.20975,-6.92584,0,1,500.5,0.210347,465,0,0
448,-9.65022,-3.6995,0,1,480,0.220134,768,0,0
449,2.84482,-8.28223,0,1,500.5,0.109577,516,0,0
450,9.49002,-2.95818,0,1,485,0.670161,208,0,0
451,1.79094,-7.59237,0,1,500.5,0.190543,981,0,0
452,7.39926,-4.50338,0,1,500.5,0.176826,830,0,0
453,7.05935,-4.76865,0,1,500.5,0.153161,529,0,0
454,-9.78623,-0.942878,0,1,486,0.194586,630,0,0
455,4.34359,-8.68661,0,1,500.5,0.360202,782,0,0
456,10.7615,-1.69672,0,1,436.5,0.100367,158,0,0
457,3.7857,-7.91636,0,1,500.5,0.0811415,952,0,0
458,8.25128,-7.9732,0,1,491,0.265876,728,0,0
459,6.80136,-5.72973,0,1,500.5,0.0246868,579,0,0
460,3.71746,-8.54107,0,1,500.5,0.232411,784,0,0
461,10.1747,0.17215,0,1,457,0.259581,503,0,0
462,8.91965,-5.6395e-05,0,1,494,0.135565,877,0,0
463,8.96316,0.939615,0,1,491.5,0.128733,405,0,0
464,6.11765,-6.09889,0,1,500.5,0.0870632,832,0,0
465,2.02495,-6.82538,0,1,500.5,0.122687,767,0,0
466,2.14866,-8.83062,0,1,500.5,0.126402,813,0,0
467,8.12939,-4.08247,0,1,500,0.101663,303,0,0
468,2.41458,-6.44329,0,1,500.5,0.270098,971,0,0
469,3.29405,-6.51477,0,1,500.5,0.220482,886,0,0
470,6.9809,-4.48476,0,1,500.5,0.192979,529,0,0
471,3.29094,-8.13017,0,1,500.5,0.129027,573,0,0
472,-9.24406,-2.23345,0,1,495,0.14548,193,0,0
473,9.15431,0.41697,0,1,491,0.117851,90,0,0
474,6.57238,-5.76499,0,1,500.5,0.14172,523,0,0
475,9.62782,-0.211645,0,1,480,0.0737687,868,0,0
476,9.52861,-1.77214,0,1,484.5,0.143903,391,0,0
477,2.62674,-9.23124,0,1,500.5,0.20963,693,0,0
478,9.18074,0.112719,0,1,491,0.160083,325,0,0
479,3.23596,-8.35785,0,1,500.5,0.0497986,847,0,0
480,8.61431,-6.15178,0,1,493,0.160685,697,0,0
481,-9.1134,-1.35561,0,1,496.5,0.142218,826,0,0
482,7.79208,-4.06079,0,1,500.5,0.340365,726,0,0
483,2.49885,-8.00777,0,1,500.5,0.0786074,920,0,0
484,-8.39822,-2.66743,0,1,499.5,0.0798794,908,0,0
485,3.17012,-10.0259,0,1,500.5,0.506067,618,0,0
486,8.22062,0.35586,0,1,499,0.218081,724,0,0
487,7.2901,-5.58246,0,1,500.5,0.190604,642,0,0
488,-5.88611,-2.91457,0,1,500.5,1.36619,763,0,0
489,4.15403,-7.52319,0,1,500.5,0.0863145,893,0,0
490,-9.52585,-3.26146,0,1,486.5,0.079948,12,0,0
491,8.24102,-7.22554,0,1,494.5,0.136306,687,0,0
492,7.07622,-5.70065,0,1,500.5,0.139166,580,0,0
493,9.1702,-1.56396,0,1,493,0.200121,644,0,0
494,9.17472,-0.938434,0,1,493,0.164435,545,0,0
495,8.47278,-0.299729,0,1,498.5,0.316902,744,0,0
496,5.99897,-5.69944,0,1,500.5,0.175445,854,0,0
497,6.23527,-6.14144,0,1,500.5,0.177224,832,0,0
498,9.64059,-0.187299,0,1,479.5,0.0274955,475,0,0
499,9.03875,-0.637313,0,1,494,0.15242,365,0,0
500,8.67016,-5.64015,0,1,493,0.0234513,21,0,0
501,5.83152,-6.98843,0,1,500.5,0.359848,814,0,0
502,-8.83887,-1.2239,0,1,498.5,0.0660799,738,0,0
503,10.0812,-0.0700111,0,1,465,0.196164,20,0,0
504,4.23294,-8.31381,0,1,500.5,0.0990309,711,0,0
505,9.13464,-0.459797,0,1,493,0.161356,935,0,0
506,-8.75264,-4.15767,0,1,497.5,0.348221,56,0,0
507,7.92951,-5.92304,0,1,499,0.132372,946,0,0
508,1.67722,-7.91311,0,1,500.5,0.102439,601,0,0
509,6.01644,-6.0767,0,1,500.5,0.0947774,806,0,0
510,2.04674,-6.08475,0,1,500.5,0.158567,980,0,0
511,-7.98796,-1.12843,0,1,500.5,0.238826,669,0,0
512,-9.98905,-3.43628,0,1,470.5,0.220101,298,0,0
513,4.15403,-6.59677,0,1,500.5,0.384559,620,0,0
514,9.88592,-2.16586,0,1,477.5,0.531683,476,0,0
515,-9.27669,-2.3398,0,1,494,0.111245,472,0,0
516,2.95373,-8.29427,0,1,500.5,0.0412868,871,0,0
517,7.23012,-7.79861,0,1,500,0.34637,190,0,0
518,9.9878,0.457817,0,1,465.5,0.155463,570,0,0
519,7.6887,-5.3432,0,1,500.5,0.0746368,945,0,0
520,2.65869,-8.63622,0,1,500.5,0.132133,777,0,0
521,7.39112,-4.95922,0,1,500.5,0.0700168,709,0,0
522,2.43922,-7.94784,0,1,500.5,0.0846013,776,0,0
523,6.434,-5.73439,0,1,500.5,0.131322,860,0,0
524,7.77049,-0.2179,0,1,500.5,0.0678676,953,0,0
525,-9.4733,-3.08386,0,1,488,0.208832,681,0,0
526,7.68633,-5.46485,0,1,500.5,0.165098,824,0,0
527,9.51378,-0.0147249,0,1,482,0.094002,670,0,0
528,8.76566,-5.74584,0,1,492,0.0364757,862,0,0
529,6.93954,-4.67325,0,1,500.5,0.346122,707,0,0
530,9.35815,0.678404,0,1,483,0.280081,679,0,0
531,-10.0496,-2.97632,0,1,471,0.051647,818,0,0
532,9.82514,0.144815,0,1,474.5,0.0828226,407,0,0
533,-7.56229,-3.5463,0,1,500.5,0.787873,939,0,0
534,8.32722,-5.09032,0,1,498,0.0834672,770,0,0
535,-8.7166,-1.61991,0,1,499,0.226247,998,0,0
536,5.80941,-5.08263,0,1,500.5,0.0278381,974,0,0
537,9.44409,-0.280468,0,1,484.5,0.147869,867,0,0
538,7.98388,0.40716,0,1,499.5,0.0275517,724,0,0
539,6.07639,-3.65492,0,1,500.5,0.681222,931,0,0
540,-10.1968,-1.52769,0,1,469,0.0995777,243,0,0
541,-8.07763,-1.67494,0,1,500.5,0.13027,666,0,0
542,-10.5201,-1.53768,0,1,448.5,0.236128,660,0,0
543,-9.06287,-2.33152,0,1,497,0.138854,883,0,0
544,-7.49189,-2.28303,0,1,500.5,0.298775,752,0,0
545,9.0738,-1.06826,0,1,494,0.176688,731,0,0
546,1.89742,-7.9423,0,1,500.5,0.183619,601,0,0
547,9.77302,-0.760626,0,1,479.5,0.161157,549,0,0
548,-9.62598,-1.73215,0,1,488.5,0.193804,840,0,0
549,9.68627,-0.624806,0,1,479.5,0.135322,811,0,0
550,7.91073,-5.3749,0,1,500,0.0767058,824,0,0
551,-8.03552,-0.178086,0,1,500.5,0.492921,641,0,0
552,-9.7,-1.86662,0,1,486,0.0354667,610,0,0
553,11.5827,-0.538151,0,1,403.5,0.38143,960,0,0
554,7.64249,-4.75589,0,1,500.5,0.145503,652,0,0
555,3.30751,-8.64738,0,1,500.5,0.180656,557,0,0
556,1.79323,-6.9341,0,1,500.5,0.0702923,706,0,0
557,3.2984,-8.82781,0,1,500.5,0.324722,986,0,0
558,-8.46177,-3.38331,0,1,499.5,0.419291,567,0,0
559,10.4724,-0.387917,0,1,444.5,0.303334,663,0,0
560,-9.80577,-2.29534,0,1,481,0.115759,436,0,0
561,9.68365,-1.32105,0,1,480,0.476981,476,0,0
562,9.97515,1.95855,0,1,451.5,0.530798,593,0,0
563,-10.342,-2.45356,0,1,457.5,0.235621,398,0,0
564,-11.0383,-2.09059,0,1,409.5,0.160788,204,0,0
565,4.8346,-8.30401,0,1,500.5,0.215258,807,0,0
566,8.27184,-1.28505,0,1,499.5,0.27604,733,0,0
567,-8.06317,-3.51338,0,1,500,0.220795,354,0,0
568,-10.085,-4.44673,0,1,458,0.634907,186,0,0
569,-10.0526,-1.50758,0,1,474.5,0.0746471,851,0,0
570,9.8988,0.330351,0,1,469,0.19962,532,0,0
571,-8.31305,-0.687901,0,1,500,0.0589837,749,0,0
572,2.24643,-7.80895,0,1,500.5,0.0726419,835,0,0
573,3.35096,-8.24439,0,1,500.5,0.111753,847,0,0
574,2.68147,-8.28056,0,1,500.5,0.0798157,905,0,0
575,8.8322,-5.46177,0,1,492,0.240987,500,0,0
576,0.675197,-8.08655,0,1,500.5,0.443213,668,0,0
577,8.14842,-0.702543,0,1,499.5,0.0543437,740,0,0
578,5.5693,-5.8761,0,1,500.5,0.302453,854,0,0
579,6.82465,-5.73791,0,1,500.5,0.0547722,839,0,0
580,6.95863,-5.62623,0,1,500.5,0.136281,839,0,0
581,1.8838,-8.67868,0,1,500.5,0.320968,591,0,0
582,5.9594,-8.33855,0,1,500.5,0.62962,588,0,0
583,8.65806,-6.90402,0,1,490,0.0945086,984,0,0
584,-8.3279,-2.80033,0,1,499.5,0.108591,989,0,0
585,8.30588,-5.85346,0,1,497.5,0.23457,988,0,0
586,-9.31559,-2.81241,0,1,491.5,0.125836,340,0,0
587,-9.88963,-2.66926,0,1,477.5,0.189062,617,0,0
588,6.57697,-8.21596,0,1,500.5,0.993903,680,0,0
589,8.37703,-0.800487,0,1,499,0.186332,804,0,0
590,-7.9325,-2.25626,0,1,500.5,0.145978,829,0,0
591,1.81197,-8.36585,0,1,500.5,0.372276,601,0,0
592,-7.35734,-2.62583,0,1,500.5,0.0974834,752,0,0
593,9.53492,1.66199,0,1,476.5,0.13315,2,0,0
594,8.49894,-5.87318,0,1,496,0.0388805,699,0,0
595,7.6501,-1.15975,0,1,500.5,0.438907,875,0,0
596,5.89909,-5.13591,0,1,500.5,0.127438,974,0,0
597,8.82798,0.331127,0,1,495.5,0.00458418,948,0,0
598,8.06596,-1.90861,0,1,500.5,1.18072,875,0,0
599,4.59801,-7.16867,0,1,500.5,0.183737,723,0,0
600,2.48812,-7.28451,0,1,500.5,0.141313,925,0,0
601,1.72448,-8.004,0,1,500.5,0.442716,981,0,0
602,7.02258,-6.26347,0,1,500.5,0.136266,928,0,0
603,7.06539,-0.289896,0,1,500.5,0.255252,796,0,0
604,6.63184,-4.31775,0,1,500.5,0.00481604,769,0,0
605,9.12065,-2.20865,0,1,493,0.182941,987,0,0
606,8.40375,-5.84251,0,1,497,0.098481,585,0,0
607,3.83393,-7.0719,0,1,500.5,0.159913,919,0,0
608,10.4028,-1.42841,0,1,451.5,0.634089,691,0,0
609,-9.58427,-1.43463,0,1,489.5,0.0721637,959,0,0
610,-9.68815,-1.83319,0,1,487,0.118635,548,0,0
611,8.78909,-1.28929,0,1,497.5,0.202219,411,0,0
612,-9.29912,-2.63172,0,1,493,0.0951463,340,0,0
613,6.604,-6.73061,0,1,500.5,0.34053,865,0,0
614,7.20216,-5.35272,0,1,500.5,0.0959649,934,0,0
615,6.44725,-5.34755,0,1,500.5,0.386537,932,0,0
616,-10.4574,-2.13953,0,1,453.5,0.334576,563,0,0
617,-9.70366,-2.70328,0,1,482,0.074459,415,0,0
618,3.26711,-10.5226,0,1,500.5,0.977504,719,0,0
619,-9.74805,-2.08934,0,1,484,0.0436689,429,0,0
620,4.14597,-6.2123,0,1,500.5,0.25668,766,0,0
621,9.21303,-1.18697,0,1,492.5,0.182973,545,0,0
622,8.05575,-5.17387,0,1,499,0.247878,550,0,0
623,11.1794,-3.05442,0,1,419.5,1.18005,167,0,0
624,6.79527,1.04788,0,1,500.5,0.290865,957,0,0
625,9.41597,-0.079855,0,1,485,0.0649226,750,0,0
626,2.78127,-6.87884,0,1,500.5,0.0890564,823,0,0
627,4.44522,-10.4495,0,1,500.5,1.28045,719,0,0
628,-9.86587,-3.07091,0,1,477.5,0.170824,311,0,0
629,4.02438,-8.02724,0,1,500.5,0.107592,898,0,0
630,-9.60273,-1.00761,0,1,488.5,0.135182,890,0,0
631,7.84002,-8.05921,0,1,496,0.248148,410,0,0
632,-10.0211,-1.33547,0,1,475.5,0.241293,1,0,0
633,8.47528,0.092183,0,1,498.5,0.0872824,744,0,0
634,2.99205,-9.29199,0,1,500.5,0.120745,997,0,0
635,-8.2879,-1.49739,0,1,500,0.204694,666,0,0
636,2.19626,-8.57492,0,1,500.5,0.300107,662,0,0
637,7.49014,-6.26527,0,1,500.5,0.0498676,751,0,0
638,-9.0492,-2.09093,0,1,497,0.189895,976,0,0
639,7.74977,-7.31509,0,1,498.5,0.257835,646,0,0
640,-8.78339,-1.66979,0,1,498.5,0.0833676,535,0,0
641,-7.94883,-0.663325,0,1,500.5,0.165084,651,0,0
642,7.31266,-5.77172,0,1,500.5,0.230403,916,0,0
643,-8.80962,-1.84101,0,1,498.5,0.0690901,672,0,0
644,9.0224,-1.42903,0,1,494.5,0.0221873,805,0,0
645,-9.15333,-1.82601,0,1,496.5,0.114467,794,0,0
646,7.61915,-7.53739,0,1,498.5,0.138859,977,0,0
647,-9.7814,-2.13795,0,1,481.5,0.058952,619,0,0
648,8.21923,-1.71399,0,1,499.5,0.134597,427,0,0
649,-7.34008,-1.41055,0,1,500.5,0.47163,956,0,0
650,-7.79395,-1.90373,0,1,500.5,0.251268,829,0,0
651,-7.78562,-0.638534,0,1,500.5,0.400573,669,0,0
652,7.71773,-4.63134,0,1,500.5,0.178722,830,0,0
653,1.57423,-5.94297,0,1,500.5,0.56152,944,0,0
654,5.05353,-7.06335,0,1,500.5,0.372894,958,0,0
655,3.24694,-9.49195,0,1,500.5,0.275454,719,0,0
656,6.78136,-5.13921,0,1,500.5,0.0104787,932,0,0
657,-10.1112,-3.7485,0,1,463,0.163044,186,0,0
658,9.0729,0.748156,0,1,491,0.157325,973,0,0
659,1.32312,-7.76899,0,1,500.5,0.462113,668,0,0
660,-10.3227,-1.66732,0,1,461,0.188032,540,0,0
661,-10.3715,-0.856585,0,1,457.5,0.185263,664,0,0
662,2.49531,-8.54974,0,1,500.5,0.312085,777,0,0
663,10.1976,-0.516394,0,1,459,0.14552,406,0,0
664,-10.215,-0.757487,0,1,467.5,0.346417,246,0,0
665,6.10865,-5.56086,0,1,500.5,0.193761,978,0,0
666,-8.08885,-1.54515,0,1,500.5,0.113499,848,0,0
667,-8.76691,-2.85074,0,1,499,0.0561452,677,0,0
668,1.10879,-8.17839,0,1,500.5,0.113628,785,0,0
669,-8.08142,-0.908652,0,1,500.5,0.424347,956,0,0
670,9.4255,0.0175899,0,1,483.5,0.0979099,625,0,0
671,8.59087,0.939833,0,1,497,0.231313,882,0,0
672,-8.77817,-1.90253,0,1,499,0.0897733,696,0,0
673,2.75221,-6.43096,0,1,500.5,0.0375236,866,0,0
674,-11.7611,-3.62815,0,1,354.5,0.750605,71,0,0
675,3.51882,-5.76144,0,1,500.5,0.314402,701,0,0
676,7.69175,-0.691281,0,1,500.5,0.141064,875,0,0
677,-8.71399,-2.83198,0,1,499,0.0879367,873,0,0
678,8.68909,-1.48421,0,1,498,0.361004,108,0,0
679,9.17143,0.469636,0,1,490.5,0.0553796,473,0,0
680,7.17309,-7.42068,0,1,500.5,0.144501,943,0,0
681,-9.42045,-3.2859,0,1,488.5,0.317857,70,0,0
682,3.4958,-9.26666,0,1,500.5,0.309231,719,0,0
683,5.19591,-6.6715,0,1,500.5,0.0443053,958,0,0
684,8.33223,-6.12619,0,1,497,0.162187,297,0,0
685,3.47898,-6.78047,0,1,500.5,0.103483,886,0,0
686,1.50512,-7.00627,0,1,500.5,0.323903,706,0,0
687,8.10514,-7.21479,0,1,496.5,0.287169,895,0,0
688,3.65403,-8.17173,0,1,500.5,0.0146868,911,0,0
689,10.6815,-1.2638,0,1,439,0.260237,913,0,0
690,6.30895,-5.78242,0,1,500.5,0.0973203,860,0,0
691,9.91736,-1.83634,0,1,477,0.331019,514,0,0
692,10.0626,1.31808,0,1,452,0.189754,266,0,0
693,2.53138,-9.41793,0,1,500.5,0.565733,876,0,0
694,8.54536,-7.77656,0,1,486.5,0.16915,367,0,0
695,2.54273,-7.66208,0,1,500.5,0.0905423,938,0,0
696,-8.7062,-1.84888,0,1,499,0.236865,918,0,0
697,8.60217,-5.99155,0,1,493,0.0306791,899,0,0
698,-10.3633,-0.020678,0,1,454,0.751589,664,0,0
699,8.5357,-5.8605,0,1,496,0.133173,606,0,0
700,-9.47351,0.338422,0,1,491.5,0.446193,791,0,0
701,3.82514,-5.69059,0,1,500.5,0.558904,766,0,0
702,8.13956,-5.38859,0,1,498.5,0.229242,550,0,0
703,-8.32312,-2.03201,0,1,500,0.433323,541,0,0
704,7.73048,-6.91914,0,1,498.5,0.407026,747,0,0
705,6.38703,-7.15056,0,1,500.5,0.198848,900,0,0
706,1.82882,-6.99471,0,1,500.5,0.144305,746,0,0
707,7.06772,-4.99476,0,1,500.5,0.278816,789,0,0
708,7.01401,-1.21508,0,1,500.5,0.183501,758,0,0
709,7.33623,-4.91575,0,1,500.5,0.29562,941,0,0
710,5.40347,-6.47991,0,1,500.5,0.324172,958,0,0
711,4.32643,-8.28112,0,1,500.5,0.318888,807,0,0
712,-10.6704,-1.09335,0,1,438.5,0.107086,940,0,0
713,9.05789,-6.0011,0,1,485.5,0.310533,154,0,0
714,10.0203,0.853316,0,1,462.5,0.165041,284,0,0
715,8.41515,-7.41544,0,1,490.5,0.257649,491,0,0
716,-8.22067,-3.7664,0,1,499.5,0.298033,567,0,0
717,3.98228,-7.88614,0,1,500.5,0.0522191,898,0,0
718,7.86891,-6.35297,0,1,499,0.0697136,760,0,0
719,3.50939,-9.5756,0,1,500.5,0.557051,997,0,0
720,10.0685,-2.11742,0,1,470,0.188943,514,0,0
721,5.38741,-4.56657,0,1,500.5,0.316709,923,0,0
722,5.31567,-4.88539,0,1,500.5,0.418556,745,0,0
723,4.41439,-7.1754,0,1,500.5,0.0843724,965,0,0
724,8.00518,0.389693,0,1,499.5,0.299364,314,0,0
725,8.47145,-0.873027,0,1,498.5,0.119071,589,0,0
726,7.4543,-4.10271,0,1,500.5,0.172191,963,0,0
727,8.25143,-3.93681,0,1,498.5,0.190025,467,0,0
728,8.14002,-7.73172,0,1,494,0.44413,631,0,0
729,7.11271,-6.09963,0,1,500.5,0.154673,916,0,0
730,3.73882,-6.83037,0,1,500.5,0.216674,808,0,0
731,8.90078,-1.10409,0,1,496.5,0.211419,967,0,0
732,9.54259,-0.160718,0,1,482,0.0196318,881,0,0
733,8.1643,-1.53928,0,1,499.5,0.0341623,834,0,0
734,8.09717,-0.942483,0,1,499.5,0.0372393,762,0,0
735,-8.43415,-1.374,0,1,499.5,0.0470482,352,0,0
736,9.62938,-5.50895,0,1,475,0.368688,182,0,0
737,10.1373,-0.14084,0,1,461.5,0.0903204,503,0,0
738,-8.78033,-1.19325,0,1,498.5,0.0872159,15,0,0
739,8.74296,0.653887,0,1,497,0.165128,882,0,0
740,8.13212,-0.650702,0,1,499.5,0.109776,804,0,0
741,9.34687,-2.0515,0,1,489.5,0.275444,605,0,0
742,-7.32573,-5.87121,0,1,500.5,3.05959,939,0,0
743,3.0844,-6.83473,0,1,500.5,0.032414,909,0,0
744,8.43475,0.0148831,0,1,498.5,0.261466,301,0,0
745,5.18288,-5.28232,0,1,500.5,0.439955,788,0,0
746,1.96626,-7.0387,0,1,500.5,0.266549,767,0,0
747,7.32524,-6.9572,0,1,500.5,0.345347,943,0,0
748,8.27237,-4.55236,0,1,498.5,0.401038,816,0,0
749,-8.35999,-0.652181,0,1,500,0.332541,61,0,0
750,9.35745,-0.107972,0,1,488,0.0671192,867,0,0
751,7.51804,-6.22393,0,1,500.5,0.0798938,753,0,0
752,-7.44207,-2.57762,0,1,500.5,0.388922,763,0,0
753,7.4687,-6.1611,0,1,500.5,0.162644,993,0,0
754,8.33059,-1.56316,0,1,499,0.16427,834,0,0
755,-10.5624,-1.71496,0,1,447.5,0.182274,542,0,0
756,7.60246,0.136734,0,1,500.5,0.167904,924,0,0
757,-10.408,-1.03608,0,1,455,0.183154,661,0,0
758,7.01253,-1.03158,0,1,500.5,0.553487,858,0,0
759,3.05847,-7.99241,0,1,500.5,0.0611642,904,0,0
760,7.864,-6.28343,0,1,499,0.216631,962,0,0
761,-10.1182,-1.71426,0,1,471.5,0.0629248,828,0,0
762,8.06257,-0.95625,0,1,499.5,0.151152,81,0,0
763,-7.12885,-2.34707,0,1,500.5,0.600981,801,0,0
764,-9.71685,-2.56636,0,1,482,0.14427,884,0,0
765,-9.18425,-4.57716,0,1,488.5,0.601873,506,0,0
766,3.89145,-6.24555,0,1,500.5,0.513627,922,0,0
767,1.91188,-6.77775,0,1,500.5,0.213474,996,0,0
768,-9.56098,-3.90073,0,1,480.5,0.314673,348,0,0
769,6.62984,-4.32213,0,1,500.5,0.414523,930,0,0
770,8.24375,-5.08999,0,1,498,0.205866,622,0,0
771,10.7008,-0.366146,0,1,436.5,0.229404,559,0,0
772,8.66108,-0.55167,0,1,497.5,0.0219262,774,0,0
773,3.36311,-7.78187,0,1,500.5,0.373298,904,0,0
774,8.66568,-0.530232,0,1,497.5,0.233359,86,0,0
775,9.59152,-0.432691,0,1,481.5,0.0803996,811,0,0
776,2.47133,-7.86957,0,1,500.5,0.12993,938,0,0
777,2.74648,-8.73497,0,1,500.5,0.220192,876,0,0
778,-8.17955,-2.62903,0,1,500,0.114245,859,0,0
779,2.85499,-7.25147,0,1,500.5,0.200565,972,0,0
780,9.33937,-1.66918,0,1,490,0.173315,838,0,0
781,9.81935,-0.0595677,0,1,474.5,0.134009,407,0,0
782,4.42191,-9.03819,0,1,500.5,0.635478,784,0,0
783,-10.6732,-1.72868,0,1,441.5,0.111575,755,0,0
784,3.92922,-8.63683,0,1,500.5,0.540297,911,0,0
785,1.08894,-8.29027,0,1,500.5,0.129794,870,0,0
786,-8.57042,-0.328949,0,1,499.5,0.385697,749,0,0
787,3.30891,-6.02853,0,1,500.5,0.157215,922,0,0
788,5.57622,-5.4794,0,1,500.5,0.18087,797,0,0
789,7.14276,-5.26329,0,1,500.5,0.0906442,934,0,0
790,2.29376,-7.68548,0,1,500.5,0.189865,835,0,0
791,-9.05846,0.502185,0,1,496.5,0.622146,917,0,0
792,2.95615,-7.01156,0,1,500.5,0.213686,909,0,0
793,3.10837,-6.7918,0,1,500.5,0.0673027,909,0,0
794,-9.08584,-1.73355,0,1,497,0.257684,903,0,0
795,0.943466,-9.137,0,1,500.5,0.554458,999,0,0
796,7.31707,-0.332414,0,1,500.5,0.486107,924,0,0
797,5.75552,-5.50315,0,1,500.5,0.165373,978,0,0
798,3.0713,-8.22596,0,1,500.5,0.0961328,871,0,0
799,8.25786,-5.42505,0,1,498,0.117926,831,0,0
800,7.6629,0.622647,0,1,500.5,0.219714,861,0,0
801,-7.50802,-1.8808,0,1,500.5,0.42117,829,0,0
802,10.6094,-1.87819,0,1,440.5,0.431408,28,0,0
803,-8.8489,-2.61183,0,1,497.5,0.217036,883,0,0
804,8.20265,-0.734821,0,1,499.5,0.187649,81,0,0
805,9.00927,-1.41115,0,1,494.5,0.0604856,342,0,0
806,5.93538,-6.12582,0,1,500.5,0.212143,832,0,0
807,4.63845,-8.21534,0,1,500.5,0.25829,970,0,0
808,3.55835,-6.71046,0,1,500.5,0.143551,886,0,0
809,10.018,-0.538341,0,1,468,0.0988245,423,0,0
810,-8.79442,-1.96604,0,1,498.5,0.0655513,672,0,0
811,9.61561,-0.509396,0,1,481.5,0.107188,842,0,0
812,-6.54775,-1.25544,0,1,500.5,1.17906,956,0,0
813,2.08068,-8.93718,0,1,500.5,0.590694,955,0,0
814,6.03935,-7.28219,0,1,500.5,0.172911,900,0,0
815,7.26434,0.366606,0,1,500.5,0.263811,861,0,0
816,8.037,-4.87707,0,1,499,0.193717,59,0,0
817,-10.5861,-1.60228,0,1,446.5,0.0923483,542,0,0
818,-10.0008,-2.95941,0,1,472.5,0.175073,628,0,0
819,2.28916,-7.92654,0,1,500.5,0.0532091,835,0,0
820,9.10786,1.03826,0,1,490.5,0.170153,973,0,0
821,10.6034,-0.81706,0,1,440,0.339407,164,0,0
822,6.99509,-3.75771,0,1,500.5,0.307439,930,0,0
823,2.73536,-6.95515,0,1,500.5,0.351089,972,0,0
824,7.84043,-5.40558,0,1,500.5,0.199039,945,0,0
825,7.66834,-5.99491,0,1,500.5,0.120732,993,0,0
826,-9.10863,-1.21347,0,1,496.5,0.269959,502,0,0
827,-8.2145,-5.09505,0,1,498.5,0.976528,56,0,0
828,-10.0554,-1.71925,0,1,474.5,0.13655,273,0,0
829,-7.8299,-2.15242,0,1,500.5,0.700866,848,0,0
830,7.57488,-4.52393,0,1,500.5,0.522695,963,0,0
831,8.32619,-5.52116,0,1,498,0.139899,988,0,0
832,6.11433,-6.01189,0,1,500.5,0.306852,860,0,0
833,4.11914,-7.30401,0,1,500.5,0.213674,893,0,0
834,8.16663,-1.57336,0,1,499.5,0.225598,271,0,0
835,2.27744,-7.87464,0,1,500.5,0.261265,938,0,0
836,-9.48978,-1.0999,0,1,491.5,0.132182,890,0,0
837,8.53767,-4.83524,0,1,497.5,0.14844,227,0,0
838,9.24961,-1.52092,0,1,492,0.090325,493,0,0
839,6.87942,-5.73713,0,1,500.5,0.403044,916,0,0
840,-9.44361,-1.66656,0,1,491,0.134391,375,0,0
841,10.4432,0.00734947,0,1,445,0.166296,172,0,0
842,9.51879,-0.555378,0,1,483.5,0.119885,72,0,0
843,8.66935,-5.69717,0,1,493,0.056848,21,0,0
844,-10.0391,-2.78435,0,1,472,0.179196,818,0,0
845,-9.50633,-1.95002,0,1,490,0.195005,375,0,0
846,0.589196,-7.41158,0,1,500.5,1.12032,870,0,0
847,3.27103,-8.3225,0,1,500.5,0.280848,871,0,0
848,-8.00136,-1.47285,0,1,500.5,0.442195,956,0,0
849,-9.57371,-2.2842,0,1,488.5,0.100453,254,0,0
850,8.98085,-0.165707,0,1,494,0.110499,877,0,0
851,-10.0573,-1.43308,0,1,474.5,0.104104,632,0,0
852,-8.7719,-2.39677,0,1,499,0.345458,892,0,0
853,9.15951,-0.332217,0,1,492.5,0.0462145,267,0,0
854,5.82405,-5.71308,0,1,500.5,0.191524,978,0,0
855,8.65386,-3.70186,0,1,498,0.465993,727,0,0
856,8.84982,-0.168716,0,1,496.5,0.0453625,335,0,0
857,2.92438,-6.30387,0,1,500.5,0.21223,866,0,0
858,6.56081,-0.711749,0,1,500.5,1.21972,924,0,0
859,-8.25122,-2.71799,0,1,500,0.164173,989,0,0
860,6.37652,-5.85246,0,1,500.5,0.554189,978,0,0
861,7.45648,0.547379,0,1,500.5,0.408689,924,0,0
862,8.74199,-5.77359,0,1,492,0.105435,843,0,0
863,7.29978,-5.21068,0,1,500.5,0.0325916,941,0,0
864,8.37329,-6.70272,0,1,494.5,0.299891,295,0,0
865,6.49935,-6.40656,0,1,500.5,0.435228,928,0,0
866,2.77835,-6.45788,0,1,500.5,0.425814,971,0,0
867,9.34218,-0.173329,0,1,488,0.16264,216,0,0
868,9.62744,-0.285413,0,1,480.5,0.0443592,60,0,0
869,10.9025,-1.6687,0,1,432,0.14375,456,0,0
870,1.20566,-8.34704,0,1,500.5,0.320292,964,0,0
871,2.99313,-8.28193,0,1,500.5,0.254306,897,0,0
872,9.2979,-0.792173,0,1,490.5,0.153971,160,0,0
873,-8.68923,-2.91636,0,1,499,0.314905,908,0,0
874,-11.5989,-0.968014,0,1,354,0.217773,878,0,0
875,7.81799,-0.754226,0,1,500.5,0.564255,953,0,0
876,2.83124,-8.9382,0,1,500.5,0.157443,986,0,0
877,8.87675,-0.128653,0,1,495.5,0.0482729,856,0,0
878,-11.4173,-1.08821,0,1,367.5,0.259927,982,0,0
879,9.48143,-0.420294,0,1,483.5,0.0966284,72,0,0
880,8.57215,-6.53522,0,1,492.5,0.224994,150,0,0
881,9.56221,-0.160155,0,1,482,0.147314,395,0,0
882,8.58714,0.708551,0,1,497,0.262747,318,0,0
883,-8.9984,-2.4545,0,1,497.5,0.233746,852,0,0
884,-9.57671,-2.60063,0,1,486.5,0.105823,323,0,0
885,-9.71766,-0.540412,0,1,487,0.147268,58,0,0
886,3.41526,-6.69894,0,1,500.5,0.3484,909,0,0
887,8.3925,-5.42564,0,1,497.5,0.116276,831,0,0
888,-10.4386,-2.56862,0,1,452.5,0.150243,563,0,0
889,9.56154,0.2661,0,1,481,0.260004,7,0,0
890,-9.47325,-0.968755,0,1,491.5,0.252293,949,0,0
891,10.2604,2.02523,0,1,441,0.292893,562,0,0
892,-8.44364,-2.5044,0,1,499.5,0.182913,908,0,0
893,4.0685,-7.5116,0,1,500.5,0.289069,937,0,0
894,-8.43316,-0.962856,0,1,499.5,0.300046,571,0,0
895,8.15287,-6.93161,0,1,497,0.422574,704,0,0
896,-9.96408,-2.47107,0,1,476,0.136422,966,0,0
897,2.80121,-8.44878,0,1,500.5,0.273402,905,0,0
898,3.96716,-7.93612,0,1,500.5,0.148867,937,0,0
899,8.63283,-5.99077,0,1,493,0.162498,699,0,0
900,6.20104,-7.2209,0,1,500.5,1.0384,943,0,0
901,-10.6759,-2.66785,0,1,440,0.0793966,431,0,0
902,3.00251,-7.61665,0,1,500.5,0.434812,904,0,0
903,-9.00193,-1.48991,0,1,498,0.283043,640,0,0
904,3.09492,-8.04153,0,1,500.5,0.438928,905,0,0
905,2.68593,-8.20087,0,1,500.5,0.202213,920,0,0
906,-8.87085,-3.89796,0,1,496,0.285344,506,0,0
907,-9.8742,-0.687465,0,1,480,0.214776,885,0,0
908,-8.47628,-2.68437,0,1,499.5,0.227553,859,0,0
909,3.10583,-6.85905,0,1,500.5,0.625742,972,0,0
910,-10.9249,-1.25792,0,1,417,0.119997,10,0,0
911,3.66683,-8.16453,0,1,500.5,0.224475,952,0,0
912,10.0996,1.03153,0,1,453.5,0.185672,266,0,0
913,10.6305,-1.0086,0,1,439.5,0.193454,821,0,0
914,9.70402,-6.51747,0,1,463,0.599823,353,0,0
915,4.80217,-5.75214,0,1,500.5,0.838313,921,0,0
916,7.20462,-5.97522,0,1,500.5,0.348652,993,0,0
917,-8.83527,-0.0785517,0,1,498.5,0.344028,351,0,0
918,-8.4735,-1.89312,0,1,499.5,0.176767,384,0,0
919,3.73354,-7.19638,0,1,500.5,0.628139,965,0,0
920,2.52162,-8.08301,0,1,500.5,0.339799,938,0,0
921,5.03857,-6.55642,0,1,500.5,0.207338,958,0,0
922,3.38391,-6.1667,0,1,500.5,1.09291,971,0,0
923,5.70235,-4.59997,0,1,500.5,0.412473,936,0,0
924,7.43458,0.139277,0,1,500.5,0.516537,953,0,0
925,2.61409,-7.34854,0,1,500.5,0.0681824,972,0,0
926,-10.5978,-0.140604,0,1,433,0.263418,698,0,0
927,7.59386,-6.49499,0,1,500.5,0.373067,985,0,0
928,6.89308,-6.22108,0,1,500.5,0.427457,985,0,0
929,9.90232,-0.977623,0,1,474.5,0.100713,52,0,0
930,6.95276,-4.06222,0,1,500.5,0.331,963,0,0
931,5.61915,-4.15989,0,1,500.5,0.838003,936,0,0
932,6.77917,-5.14946,0,1,500.5,0.467958,934,0,0
933,7.10473,-6.63476,0,1,500.5,0.181253,985,0,0
934,7.2334,-5.26199,0,1,500.5,0.111175,941,0,0
935,8.97589,-0.430878,0,1,494,0.116209,220,0,0
936,5.95002,-4.9298,0,1,500.5,0.197076,974,0,0
937,3.98493,-7.78832,0,1,500.5,0.316481,952,0,0
938,2.50352,-7.74369,0,1,500.5,0.419336,990,0,0
939,-7.98993,-2.88458,0,1,500.5,1.77372,956,0,0
940,-10.6015,-1.01134,0,1,442.5,0.195131,757,0,0
941,7.33237,-5.21135,0,1,500.5,0.367904,945,0,0
942,-9.61277,-2.28391,0,1,487,0.0390645,849,0,0
943,7.23706,-7.2911,0,1,500.5,0.795739,985,0,0
944,2.05577,-5.65414,0,1,500.5,0.546429,980,0,0
945,7.69574,-5.2689,0,1,500.5,0.765464,993,0,0
946,7.79861,-5.94277,0,1,500,0.140327,825,0,0
947,7.7445,1.82332,0,1,499.5,1.20344,800,0,0
948,8.82773,0.335704,0,1,495.5,0.150645,434,0,0
949,-9.38135,-1.20371,0,1,493,0.272892,826,0,0
950,9.33936,-0.390877,0,1,488.5,0.189168,853,0,0
951,8.48375,0.398131,0,1,498,0.213625,251,0,0
952,3.70946,-7.94414,0,1,500.5,0.952868,970,0,0
953,7.83242,-0.190156,0,1,500.5,1.43603,957,0,0
954,9.81135,-1.02404,0,1,478.5,0.266189,547,0,0
955,1.81375,-9.46412,0,1,500.5,0.441725,999,0,0
956,-7.72028,-1.13148,0,1,500.5,11.079,996,0,0
957,6.75546,0.759754,0,1,500.5,4.87895,963,0,0
958,5.17643,-6.71129,0,1,500.5,0.913777,965,0,0
959,-9.52927,-1.3879,0,1,490,0.151777,92,0,0
960,11.2868,-0.297396,0,1,411.5,0.464216,213,0,0
961,8.81554,-0.324028,0,1,497,0.213516,283,0,0
962,7.70607,-6.13515,0,1,500.5,0.193436,993,0,0
963,7.28254,-4.09064,0,1,500.5,1.77015,974,0,0
964,0.920593,-8.49307,0,1,500.5,0.649919,975,0,0
965,4.35629,-7.11422,0,1,500.5,0.897669,970,0,0
966,-9.94143,-2.33655,0,1,476,0.141782,560,0,0
967,8.87437,-0.894328,0,1,496.5,0.301183,302,0,0
968,-9.66741,-2.33291,0,1,486,0.073394,942,0,0
969,-9.95585,-2.59787,0,1,475.5,0.0973725,587,0,0
970,4.66223,-7.95815,0,1,500.5,1.92065,986,0,0
971,2.43702,-6.71246,0,1,500.5,0.523537,996,0,0
972,2.65991,-7.29804,0,1,500.5,0.433421,990,0,0
973,9.0162,0.894907,0,1,491,0.0693646,463,0,0
974,5.79925,-5.05671,0,1,500.5,0.501779,978,0,0
975,0.390199,-8.86867,0,1,500.5,1.14398,999,0,0
976,-8.85939,-2.08509,0,1,498.5,0.199807,672,0,0
977,7.59395,-7.67394,0,1,498.5,0.384599,517,0,0
978,5.91556,-5.54483,0,1,500.5,1.61477,985,0,0
979,-8.79496,-2.85448,0,1,498.5,0.0283015,667,0,0
980,2.16591,-6.18935,0,1,500.5,0.4416,996,0,0
981,1.97559,-7.63939,0,1,500.5,0.348597,990,0,0
982,-11.1592,-1.05745,0,1,392.5,0.308351,910,0,0
983,8.92006,-1.50119,0,1,496,0.102363,244,0,0
984,8.60058,-6.97904,0,1,490.5,0.189054,224,0,0
985,7.22079,-6.49553,0,1,500.5,0.578212,993,0,0
986,2.97817,-8.88164,0,1,500.5,0.349888,997,0,0
987,8.96718,-2.10907,0,1,495,0.311096,85,0,0
988,8.23726,-5.62915,0,1,498,0.259644,702,0,0
989,-8.25643,-2.88208,0,1,500,0.266515,939,0,0
990,2.24267,-7.41536,0,1,500.5,0.904014,996,0,0
991,9.31029,-4.57444,0,1,485.5,0.29078,18,0,0
992,-10.6689,-1.87255,0,1,442,0.190203,755,0,0
993,7.55033,-6.02042,0,1,500.5,5.49037,997,0,0
994,9.54907,0.636972,0,1,480,0.177945,269,0,0
995,8.57247,0.08859,0,1,497.5,0.0972506,633,0,0
996,1.93454,-6.56548,0,1,500.5,2.62673,999,0,0
997,3.08493,-9.21484,0,1,500.5,1.58843,999,0,0
998,-8.53942,-1.47921,0,1,499.5,0.167249,352,0,0
999,1.49761,-9.15562,0,1,500.5,999,-1,1,0
