x0,x1,weight
144.71,-80.87,1.0
146.05,-81.93,1.0
146.05,-85.07,1.0
144.44,-85.75,1.0
146.85,-83.34,1.0
144.34,-85.04,1.0
145.19,-85.83,1.0
142.93,-88.51,1.0
144.38,-84.16,1.0
144.27,-84.29,1.0
11.74,114.97,1.0
13.67,115.72,1.0
16.62,110.94,1.0
14.61,117.19,1.0
14.55,116.22,1.0
14.98,114.37,1.0
13.81,114.4,1.0
13.13,113.64,1.0
14.92,113.77,1.0
12.4,118.82,1.0
11.12,217.99,1.0
11.85,216.73,1.0
13.14,220.09,1.0
10.69,218.86,1.0
12.33,217.0,1.0
7.78,222.15,1.0
10.32,222.34,1.0
10.51,219.49,1.0
11.65,219.02,1.0
15.18,219.02,1.0
-22.67,-179.81,1.0
-27.69,-182.31,1.0
-30.09,-183.19,1.0
-23.56,-182.35,1.0
-28.55,-183.57,1.0
-28.12,-176.74,1.0
-22.32,-184.87,1.0
-22.71,-180.3,1.0
-24.42,-184.22,1.0
-28.32,-181.45,1.0
237.94,9.55,1.0
235.79,9.38,1.0
234.04,8.82,1.0
237.48,7.62,1.0
234.13,6.47,1.0
237.25,7.14,1.0
235.09,7.76,1.0
236.94,11.63,1.0
236.88,8.39,1.0
235.04,8.08,1.0
161.72,100.54,1.0
159.85,102.97,1.0
159.74,97.12,1.0
161.12,103.94,1.0
160.65,101.27,1.0
160.93,99.13,1.0
160.41,101.53,1.0
161.39,101.7,1.0
160.42,103.46,1.0
160.62,100.31,1.0
187.78,-15.66,1.0
187.23,-16.73,1.0
188.35,-18.45,1.0
189.23,-17.07,1.0
183.37,-18.59,1.0
190.38,-12.61,1.0
187.15,-18.79,1.0
190.16,-14.14,1.0
188.63,-13.38,1.0
187.15,-15.37,1.0
219.41,-232.47,1.0
217.81,-233.21,1.0
215.94,-230.69,1.0
216.68,-230.97,1.0
216.91,-232.42,1.0
217.26,-232.32,1.0
215.13,-231.43,1.0
216.46,-233.27,1.0
213.96,-232.36,1.0
213.72,-236.22,1.0
127.78,118.84,1.0
127.96,122.33,1.0
127.89,119.56,1.0
130.48,120.54,1.0
126.76,121.47,1.0
127.49,119.95,1.0
130.33,115.85,1.0
126.37,119.08,1.0
124.78,120.37,1.0
129.99,119.74,1.0
215.64,-225.44,1.0
216.48,-222.11,1.0
217.13,-226.71,1.0
220.85,-228.33,1.0
218.88,-225.81,1.0
221.03,-224.63,1.0
216.84,-225.85,1.0
217.35,-226.58,1.0
219.51,-230.26,1.0
216.43,-227.66,1.0
-26.3,-40.18,1.0
-28.3,-36.89,1.0
-25.2,-42.32,1.0
-26.48,-40.54,1.0
-25.07,-38.13,1.0
-25.77,-35.77,1.0
-22.16,-37.68,1.0
-22.98,-41.98,1.0
-23.65,-39.27,1.0
-24.62,-40.01,1.0
173.74,-155.24,1.0
177.85,-160.74,1.0
174.62,-157.35,1.0
178.31,-158.96,1.0
179.53,-162.31,1.0
178.79,-159.86,1.0
179.4,-159.01,1.0
181.41,-160.02,1.0
182.12,-160.52,1.0
177.58,-157.04,1.0
-45.13,113.09,1.0
-41.01,111.42,1.0
-46.04,114.79,1.0
-43.58,115.15,1.0
-43.97,112.0,1.0
-42.49,115.51,1.0
-42.03,114.51,1.0
-44.56,118.26,1.0
-43.61,117.54,1.0
-42.21,114.31,1.0
94.15,-177.35,1.0
96.69,-176.25,1.0
94.87,-178.32,1.0
95.44,-177.32,1.0
98.24,-174.87,1.0
94.18,-179.1,1.0
89.67,-179.7,1.0
90.86,-176.74,1.0
93.45,-178.79,1.0
92.84,-178.54,1.0
-19.49,193.73,1.0
-21.03,188.23,1.0
-22.23,196.1,1.0
-18.23,192.25,1.0
-25.92,191.64,1.0
-22.05,194.4,1.0
-22.71,193.33,1.0
-16.26,193.17,1.0
-21.08,195.07,1.0
-24.03,196.01,1.0
-131.74,-89.83,1.0
-132.2,-92.04,1.0
-132.41,-91.28,1.0
-132.37,-89.84,1.0
-133.24,-85.45,1.0
-133.4,-89.53,1.0
-135.97,-88.76,1.0
-129.6,-90.52,1.0
-126.36,-89.19,1.0
-129.27,-91.21,1.0
220.54,-6.72,1.0
221.39,-10.6,1.0
224.15,-11.0,1.0
223.3,-7.04,1.0
218.6,-6.4,1.0
224.12,-10.53,1.0
222.41,-9.99,1.0
219.44,-10.06,1.0
218.92,-11.37,1.0
227.49,-14.04,1.0
175.21,-30.52,1.0
175.91,-29.17,1.0
172.33,-30.28,1.0
174.57,-32.66,1.0
173.75,-32.09,1.0
176.67,-31.88,1.0
177.06,-32.67,1.0
172.87,-33.41,1.0
173.08,-32.8,1.0
173.02,-29.52,1.0
97.75,172.17,1.0
97.61,171.93,1.0
95.91,170.77,1.0
96.41,170.35,1.0
96.76,167.82,1.0
100.43,171.61,1.0
97.67,174.21,1.0
97.22,167.74,1.0
97.68,170.52,1.0
98.74,170.92,1.0
37.56,132.86,1.0
36.71,136.98,1.0
33.53,140.06,1.0
37.63,135.18,1.0
34.45,136.98,1.0
39.07,132.73,1.0
37.51,133.34,1.0
34.52,136.59,1.0
39.8,136.11,1.0
36.93,137.82,1.0
79.4,-231.2,1.0
80.27,-235.51,1.0
83.04,-231.51,1.0
79.76,-235.39,1.0
82.44,-233.74,1.0
80.89,-231.4,1.0
76.25,-234.2,1.0
84.98,-232.69,1.0
81.48,-236.42,1.0
80.43,-231.15,1.0
-121.53,-50.62,1.0
-119.74,-50.85,1.0
-122.0,-49.38,1.0
-118.79,-51.71,1.0
-120.86,-49.06,1.0
-118.52,-53.51,1.0
-120.45,-53.84,1.0
-120.98,-52.18,1.0
-120.0,-51.69,1.0
-116.96,-53.38,1.0
-166.28,34.44,1.0
-162.57,38.1,1.0
-163.61,34.81,1.0
-161.9,39.83,1.0
-159.1,37.31,1.0
-160.81,33.59,1.0
-161.61,36.21,1.0
-161.92,37.69,1.0
-162.87,38.25,1.0
-164.61,36.05,1.0
27.33,-91.65,1.0
34.11,-95.05,1.0
29.21,-89.47,1.0
27.93,-94.53,1.0
30.85,-92.89,1.0
26.46,-92.78,1.0
26.47,-95.54,1.0
29.79,-90.61,1.0
32.48,-95.42,1.0
29.31,-96.17,1.0
51.32,-233.15,1.0
51.22,-233.24,1.0
52.82,-236.72,1.0
54.58,-239.34,1.0
53.46,-238.37,1.0
50.57,-234.92,1.0
50.15,-234.82,1.0
52.61,-235.98,1.0
53.63,-233.11,1.0
51.72,-237.21,1.0
-147.62,159.89,1.0
-148.24,163.33,1.0
-146.78,163.17,1.0
-148.09,160.13,1.0
-147.19,163.21,1.0
-148.43,160.15,1.0
-149.72,161.25,1.0
-149.42,161.42,1.0
-146.64,160.51,1.0
-147.07,163.28,1.0
-217.99,225.15,1.0
-215.4,220.33,1.0
-220.29,222.38,1.0
-217.05,225.16,1.0
-217.71,223.04,1.0
-216.06,220.23,1.0
-218.05,222.83,1.0
-217.55,224.35,1.0
-221.67,223.49,1.0
-216.39,225.96,1.0
162.53,72.56,1.0
163.63,71.83,1.0
165.57,68.58,1.0
164.54,72.53,1.0
163.25,70.93,1.0
165.43,70.64,1.0
166.95,69.4,1.0
163.32,68.45,1.0
161.8,70.09,1.0
164.15,71.02,1.0
34.62,78.71,1.0
36.75,79.06,1.0
33.45,77.12,1.0
29.92,77.27,1.0
38.86,77.78,1.0
34.45,79.16,1.0
34.32,78.75,1.0
33.01,78.46,1.0
33.02,83.98,1.0
34.94,78.15,1.0
28.23,60.93,1.0
30.07,60.29,1.0
29.76,58.18,1.0
30.85,62.06,1.0
31.31,62.72,1.0
31.89,62.95,1.0
29.09,61.15,1.0
29.74,60.12,1.0
31.09,65.32,1.0
27.94,62.94,1.0
-43.56,49.13,1.0
-39.66,46.33,1.0
-41.32,47.22,1.0
-43.51,47.23,1.0
-43.7,45.4,1.0
-41.1,46.91,1.0
-46.58,45.6,1.0
-42.63,46.06,1.0
-42.67,46.71,1.0
-43.25,47.14,1.0
-236.48,-94.92,1.0
-236.1,-94.68,1.0
-236.01,-94.28,1.0
-234.37,-96.58,1.0
-235.08,-95.84,1.0
-234.5,-89.58,1.0
-234.41,-95.84,1.0
-236.26,-93.64,1.0
-235.1,-92.1,1.0
-232.57,-91.88,1.0
-22.04,23.14,1.0
-27.44,29.48,1.0
-25.22,28.11,1.0
-28.35,26.89,1.0
-24.48,28.68,1.0
-27.65,26.92,1.0
-26.03,27.44,1.0
-26.86,26.23,1.0
-24.69,24.32,1.0
-26.38,28.88,1.0
-59.52,-121.67,1.0
-62.25,-125.82,1.0
-59.72,-124.86,1.0
-63.53,-124.16,1.0
-60.61,-123.66,1.0
-60.6,-126.14,1.0
-59.31,-126.33,1.0
-63.01,-120.83,1.0
-61.95,-129.32,1.0
-61.75,-127.95,1.0
9.77,-42.59,1.0
5.24,-48.53,1.0
10.02,-46.87,1.0
5.19,-40.22,1.0
3.57,-47.02,1.0
7.23,-49.66,1.0
7.07,-49.8,1.0
9.98,-46.88,1.0
6.57,-46.73,1.0
2.2,-45.66,1.0
117.65,62.16,1.0
117.74,60.76,1.0
119.18,61.16,1.0
116.94,59.8,1.0
120.76,60.53,1.0
116.82,62.25,1.0
118.59,59.02,1.0
116.93,58.78,1.0
117.13,58.34,1.0
119.28,61.64,1.0
-129.74,128.68,1.0
-131.76,132.73,1.0
-133.38,129.42,1.0
-128.16,131.12,1.0
-130.71,125.54,1.0
-131.29,129.9,1.0
-130.34,126.43,1.0
-128.55,128.5,1.0
-131.77,132.93,1.0
-133.14,127.15,1.0
180.01,-185.15,1.0
180.75,-189.85,1.0
182.48,-189.95,1.0
184.45,-182.86,1.0
182.29,-186.06,1.0
182.74,-187.97,1.0
181.86,-183.59,1.0
182.0,-186.41,1.0
180.79,-189.84,1.0
184.52,-190.34,1.0
62.83,-2.15,1.0
64.56,1.89,1.0
63.66,0.64,1.0
65.99,0.34,1.0
62.75,0.13,1.0
66.4,-0.99,1.0
65.43,-1.66,1.0
65.93,0.16,1.0
67.7,-0.83,1.0
61.56,-3.44,1.0
-135.28,-116.69,1.0
-138.14,-118.86,1.0
-136.93,-120.51,1.0
-138.21,-120.18,1.0
-140.59,-121.0,1.0
-141.36,-116.26,1.0
-140.95,-117.35,1.0
-137.8,-118.81,1.0
-139.6,-119.98,1.0
-139.81,-118.93,1.0
-45.14,96.42,1.0
-45.5,94.26,1.0
-46.75,94.5,1.0
-47.16,97.65,1.0
-45.78,91.81,1.0
-48.49,93.55,1.0
-48.87,94.55,1.0
-43.99,92.23,1.0
-44.31,94.14,1.0
-46.35,93.97,1.0
-63.81,0.22,1.0
-61.15,-1.73,1.0
-63.5,1.55,1.0
-67.26,5.92,1.0
-64.89,4.59,1.0
-62.94,2.86,1.0
-64.63,3.53,1.0
-66.22,3.19,1.0
-63.69,5.02,1.0
-65.33,2.84,1.0
85.09,-85.81,1.0
85.9,-87.33,1.0
85.29,-80.96,1.0
87.64,-85.06,1.0
86.45,-80.8,1.0
89.74,-83.27,1.0
89.06,-85.82,1.0
88.96,-84.06,1.0
85.01,-84.6,1.0
85.68,-83.77,1.0
-61.97,-65.36,1.0
-61.3,-71.2,1.0
-60.51,-72.8,1.0
-59.41,-70.05,1.0
-64.09,-69.27,1.0
-60.85,-72.57,1.0
-60.53,-70.41,1.0
-60.72,-66.23,1.0
-60.67,-73.64,1.0
-62.64,-69.53,1.0
-139.1,99.4,1.0
-143.41,104.95,1.0
-139.9,103.02,1.0
-141.74,103.61,1.0
-144.25,103.97,1.0
-145.68,97.49,1.0
-145.2,99.53,1.0
-142.71,101.49,1.0
-143.08,104.2,1.0
-142.71,103.29,1.0
-210.93,98.79,1.0
-208.94,101.78,1.0
-210.22,104.26,1.0
-210.12,103.74,1.0
-213.02,99.76,1.0
-210.41,102.01,1.0
-207.6,96.71,1.0
-210.32,99.71,1.0
-209.75,99.97,1.0
-213.79,95.66,1.0
76.33,-4.76,1.0
75.22,-6.12,1.0
74.76,-4.78,1.0
76.68,-1.14,1.0
76.69,-3.34,1.0
75.94,-4.56,1.0
74.57,-3.43,1.0
73.9,-2.29,1.0
77.32,-3.97,1.0
76.94,-5.45,1.0
174.49,130.82,1.0
174.92,135.97,1.0
172.84,128.12,1.0
170.57,131.49,1.0
168.76,133.02,1.0
174.8,130.69,1.0
175.7,132.02,1.0
171.99,132.13,1.0
171.62,134.98,1.0
175.14,131.23,1.0
-26.78,-211.78,1.0
-30.25,-216.28,1.0
-24.72,-212.97,1.0
-29.54,-214.12,1.0
-25.8,-216.21,1.0
-25.1,-216.98,1.0
-25.81,-214.59,1.0
-28.64,-212.36,1.0
-28.48,-215.31,1.0
-28.13,-214.21,1.0
43.78,-201.13,1.0
45.29,-204.03,1.0
44.7,-200.75,1.0
41.32,-202.94,1.0
42.37,-203.86,1.0
40.05,-199.57,1.0
41.21,-205.2,1.0
43.52,-203.64,1.0
44.17,-201.38,1.0
43.55,-200.61,1.0
197.4,-119.3,1.0
197.32,-119.1,1.0
194.9,-116.17,1.0
196.48,-118.31,1.0
193.04,-120.71,1.0
193.74,-118.77,1.0
196.2,-120.56,1.0
195.59,-120.84,1.0
198.15,-116.44,1.0
194.59,-118.76,1.0
222.89,-80.13,1.0
217.97,-78.97,1.0
219.51,-79.66,1.0
219.43,-74.68,1.0
220.67,-80.02,1.0
219.91,-82.13,1.0
219.12,-79.95,1.0
220.71,-80.04,1.0
222.87,-80.97,1.0
222.19,-79.51,1.0
160.15,96.96,1.0
156.78,97.36,1.0
161.31,96.16,1.0
160.08,91.93,1.0
157.6,95.13,1.0
158.32,97.76,1.0
157.42,97.82,1.0
158.65,95.63,1.0
165.65,95.4,1.0
160.19,98.02,1.0
130.46,112.19,1.0
132.96,108.94,1.0
127.78,107.92,1.0
129.42,111.09,1.0
131.13,107.42,1.0
132.24,110.45,1.0
130.43,108.99,1.0
127.28,111.79,1.0
128.66,110.62,1.0
128.27,111.44,1.0
-184.92,231.7,1.0
-188.05,232.6,1.0
-188.14,230.13,1.0
-184.09,230.01,1.0
-188.51,231.59,1.0
-188.89,230.14,1.0
-190.67,229.03,1.0
-191.14,234.37,1.0
-184.76,231.83,1.0
-192.35,228.53,1.0
-17.56,73.93,1.0
-19.54,68.9,1.0
-19.62,70.84,1.0
-15.11,74.52,1.0
-17.58,73.53,1.0
-19.58,72.54,1.0
-18.2,71.68,1.0
-21.11,69.23,1.0
-20.63,70.76,1.0
-19.11,70.57,1.0
98.21,219.97,1.0
99.77,224.43,1.0
95.98,226.73,1.0
98.43,218.89,1.0
98.38,225.16,1.0
98.17,223.85,1.0
99.14,223.21,1.0
98.2,222.03,1.0
100.96,219.62,1.0
99.96,222.45,1.0
-102.2,167.6,1.0
-103.45,161.67,1.0
-102.92,162.72,1.0
-105.53,167.35,1.0
-99.89,160.28,1.0
-104.57,165.16,1.0
-104.09,164.88,1.0
-104.63,164.5,1.0
-104.48,165.19,1.0
-103.38,165.09,1.0
-67.93,-77.24,1.0
-70.95,-72.65,1.0
-67.11,-78.27,1.0
-67.28,-78.23,1.0
-68.78,-76.73,1.0
-72.9,-75.76,1.0
-69.0,-79.03,1.0
-71.69,-74.54,1.0
-69.27,-72.65,1.0
-71.7,-77.18,1.0
-72.27,-100.28,1.0
-75.48,-105.61,1.0
-74.48,-102.11,1.0
-76.41,-103.4,1.0
-78.85,-102.17,1.0
-77.51,-99.46,1.0
-73.57,-103.48,1.0
-74.3,-104.41,1.0
-73.86,-101.9,1.0
-76.45,-104.85,1.0
104.64,-63.89,1.0
105.13,-62.65,1.0
102.79,-61.34,1.0
109.35,-61.36,1.0
102.68,-56.87,1.0
102.21,-60.64,1.0
100.74,-64.54,1.0
107.0,-64.62,1.0
104.26,-63.05,1.0
101.53,-59.64,1.0
-156.22,-175.46,1.0
-154.03,-172.44,1.0
-152.47,-173.44,1.0
-150.51,-174.72,1.0
-157.18,-174.76,1.0
-156.95,-175.27,1.0
-155.81,-176.04,1.0
-159.41,-178.09,1.0
-155.7,-178.91,1.0
-155.36,-173.4,1.0
27.75,143.18,1.0
24.51,141.82,1.0
28.82,140.98,1.0
26.28,140.77,1.0
28.08,140.6,1.0
29.82,143.28,1.0
30.38,143.64,1.0
34.03,142.79,1.0
29.86,138.77,1.0
28.88,141.5,1.0
-133.51,146.13,1.0
-132.33,146.13,1.0
-131.82,146.52,1.0
-134.91,147.06,1.0
-134.19,145.02,1.0
-129.84,143.96,1.0
-132.46,150.75,1.0
-129.87,145.1,1.0
-134.57,145.6,1.0
-134.07,145.33,1.0
-163.49,-104.93,1.0
-163.55,-104.3,1.0
-163.09,-106.89,1.0
-164.22,-102.95,1.0
-162.45,-102.74,1.0
-164.47,-103.79,1.0
-158.12,-105.11,1.0
-164.46,-103.79,1.0
-164.29,-106.48,1.0
-159.6,-102.14,1.0
12.11,60.37,1.0
9.99,58.1,1.0
5.54,58.8,1.0
11.5,60.11,1.0
12.84,57.46,1.0
8.7,60.49,1.0
10.71,59.05,1.0
8.73,61.9,1.0
10.31,56.09,1.0
10.79,58.0,1.0
81.36,235.6,1.0
78.89,235.88,1.0
78.41,243.51,1.0
83.1,238.62,1.0
81.56,238.23,1.0
81.57,237.41,1.0
79.69,239.98,1.0
79.76,237.98,1.0
85.04,238.6,1.0
81.66,237.35,1.0
-203.81,-215.79,1.0
-206.98,-218.1,1.0
-201.8,-214.28,1.0
-198.57,-214.97,1.0
-196.18,-216.14,1.0
-201.5,-216.46,1.0
-204.34,-220.64,1.0
-201.54,-217.49,1.0
-201.57,-215.71,1.0
-205.37,-216.93,1.0
-132.62,-155.63,1.0
-133.46,-154.09,1.0
-131.05,-155.48,1.0
-133.97,-154.02,1.0
-133.69,-156.76,1.0
-134.35,-154.8,1.0
-135.41,-154.47,1.0
-129.61,-155.0,1.0
-128.73,-155.25,1.0
-133.0,-154.86,1.0
-129.11,15.45,1.0
-128.76,15.24,1.0
-126.1,14.64,1.0
-127.2,12.37,1.0
-128.0,14.65,1.0
-126.28,12.0,1.0
-127.05,13.81,1.0
-124.6,12.78,1.0
-126.45,16.59,1.0
-126.92,13.07,1.0
10.95,-3.18,1.0
14.87,-6.64,1.0
13.21,0.51,1.0
13.95,-6.66,1.0
13.46,-3.7,1.0
12.91,-6.56,1.0
11.62,-5.29,1.0
11.48,-1.25,1.0
14.78,-2.14,1.0
12.96,-5.06,1.0
-47.84,-35.21,1.0
-51.75,-36.96,1.0
-48.53,-35.07,1.0
-50.2,-30.31,1.0
-47.83,-39.27,1.0
-52.16,-34.64,1.0
-52.16,-36.98,1.0
-47.2,-32.41,1.0
-47.51,-31.25,1.0
-48.65,-34.77,1.0
128.17,35.52,1.0
126.06,34.91,1.0
125.9,30.85,1.0
124.74,32.62,1.0
124.43,31.71,1.0
128.2,31.54,1.0
124.35,32.25,1.0
125.99,33.98,1.0
124.93,33.22,1.0
124.16,31.99,1.0
-12.83,65.68,1.0
-13.4,64.81,1.0
-17.08,65.14,1.0
-14.91,69.72,1.0
-11.63,68.14,1.0
-16.67,63.35,1.0
-14.93,67.17,1.0
-17.48,61.72,1.0
-16.41,66.94,1.0
-12.38,62.36,1.0
-196.36,108.07,1.0
-198.72,110.78,1.0
-199.97,109.19,1.0
-195.99,111.14,1.0
-198.59,109.62,1.0
-198.07,112.39,1.0
-196.4,109.91,1.0
-196.4,113.92,1.0
-199.31,111.66,1.0
-197.82,108.43,1.0
-64.65,-145.41,1.0
-60.34,-143.61,1.0
-64.16,-142.36,1.0
-67.15,-146.27,1.0
-65.68,-140.71,1.0
-67.65,-143.31,1.0
-62.92,-144.37,1.0
-61.72,-145.39,1.0
-65.78,-145.43,1.0
-64.41,-143.57,1.0
-39.02,164.21,1.0
-39.5,168.17,1.0
-42.56,167.16,1.0
-43.78,168.89,1.0
-43.32,168.02,1.0
-41.71,165.2,1.0
-43.73,164.2,1.0
-43.48,164.33,1.0
-42.97,163.88,1.0
-41.29,165.61,1.0
-162.72,212.37,1.0
-161.4,214.55,1.0
-163.4,212.85,1.0
-164.13,211.82,1.0
-163.35,214.29,1.0
-166.98,209.13,1.0
-162.05,212.36,1.0
-164.22,212.39,1.0
-165.1,209.34,1.0
-161.43,214.14,1.0
177.93,186.71,1.0
177.82,187.27,1.0
177.25,188.76,1.0
176.65,188.27,1.0
182.5,187.71,1.0
178.95,188.87,1.0
179.08,185.59,1.0
179.46,189.01,1.0
176.23,186.68,1.0
177.06,185.81,1.0
187.55,111.86,1.0
186.83,109.77,1.0
184.46,108.47,1.0
184.23,112.14,1.0
183.23,110.98,1.0
187.4,112.7,1.0
188.73,110.57,1.0
190.29,110.95,1.0
186.71,112.47,1.0
189.19,112.02,1.0
-36.92,154.19,1.0
-37.82,155.51,1.0
-37.04,156.6,1.0
-35.58,157.44,1.0
-36.29,153.76,1.0
-37.99,155.45,1.0
-34.81,152.35,1.0
-33.42,156.46,1.0
-34.83,153.04,1.0
-37.12,150.26,1.0
123.87,-15.56,1.0
124.8,-17.87,1.0
127.28,-13.26,1.0
123.41,-16.67,1.0
128.31,-17.56,1.0
128.59,-12.04,1.0
127.15,-13.09,1.0
124.87,-14.06,1.0
122.16,-14.51,1.0
124.44,-16.46,1.0
-9.38,174.65,1.0
-8.24,175.92,1.0
-6.48,170.32,1.0
-9.36,174.15,1.0
-11.5,175.51,1.0
-8.55,169.61,1.0
-7.57,170.53,1.0
-6.08,175.1,1.0
-6.07,174.45,1.0
-5.8,175.82,1.0
0.26,-162.8,1.0
2.3,-162.3,1.0
0.38,-158.7,1.0
-3.89,-159.52,1.0
3.7,-159.97,1.0
2.19,-161.12,1.0
-3.39,-161.89,1.0
2.01,-161.2,1.0
4.03,-159.7,1.0
3.22,-157.73,1.0
19.16,124.69,1.0
22.62,123.22,1.0
23.79,121.47,1.0
21.41,125.01,1.0
16.67,121.82,1.0
19.94,123.37,1.0
20.42,124.0,1.0
23.61,124.44,1.0
23.7,126.07,1.0
21.62,123.23,1.0
-107.44,-18.76,1.0
-110.35,-19.87,1.0
-106.67,-19.06,1.0
-108.73,-14.6,1.0
-105.3,-16.79,1.0
-106.69,-18.12,1.0
-106.07,-14.13,1.0
-107.87,-19.15,1.0
-108.81,-16.26,1.0
-109.83,-16.33,1.0
-11.71,67.11,1.0
-14.54,72.57,1.0
-12.97,70.73,1.0
-13.2,73.63,1.0
-16.25,71.81,1.0
-12.3,70.76,1.0
-13.88,72.69,1.0
-12.47,72.37,1.0
-12.36,68.91,1.0
-13.98,71.75,1.0
-59.22,116.07,1.0
-58.24,113.48,1.0
-57.58,119.57,1.0
-56.53,117.36,1.0
-60.86,116.91,1.0
-56.43,120.07,1.0
-54.1,120.85,1.0
-56.8,117.5,1.0
-55.43,119.0,1.0
-56.39,118.1,1.0
-91.35,-7.45,1.0
-93.07,-7.38,1.0
-91.47,-8.7,1.0
-89.11,-7.64,1.0
-90.96,-9.95,1.0
-90.87,-11.72,1.0
-91.59,-8.95,1.0
-85.28,-9.85,1.0
-90.07,-9.92,1.0
-86.02,-12.87,1.0
230.84,182.4,1.0
227.75,180.63,1.0
230.56,176.02,1.0
234.79,176.98,1.0
232.87,179.16,1.0
232.27,177.72,1.0
228.48,179.37,1.0
229.48,176.46,1.0
234.47,176.56,1.0
231.95,181.53,1.0
-30.7,4.49,1.0
-29.61,4.36,1.0
-27.09,0.75,1.0
-28.06,3.44,1.0
-28.76,2.89,1.0
-28.54,2.72,1.0
-26.48,4.3,1.0
-29.77,-1.4,1.0
-29.82,4.01,1.0
-26.44,3.95,1.0
-56.59,129.28,1.0
-53.08,128.65,1.0
-58.6,133.4,1.0
-55.09,130.62,1.0
-58.0,129.4,1.0
-53.64,134.91,1.0
-55.26,134.16,1.0
-52.22,132.12,1.0
-59.46,131.4,1.0
-55.8,129.83,1.0
-206.24,231.96,1.0
-208.53,234.42,1.0
-205.89,234.48,1.0
-212.08,234.5,1.0
-208.29,231.93,1.0
-208.9,236.63,1.0
-209.25,235.3,1.0
-208.6,227.58,1.0
-205.43,232.12,1.0
-209.07,238.86,1.0
-52.5,-121.56,1.0
-53.49,-121.43,1.0
-52.71,-122.43,1.0
-52.28,-123.08,1.0
-52.71,-121.85,1.0
-54.68,-121.05,1.0
-53.08,-124.28,1.0
-52.65,-120.87,1.0
-53.51,-120.1,1.0
-54.14,-119.22,1.0
-5.32,-96.47,1.0
-4.46,-100.69,1.0
-5.69,-100.33,1.0
-4.46,-97.15,1.0
-6.24,-97.02,1.0
-3.82,-99.23,1.0
-4.34,-94.44,1.0
-5.14,-95.2,1.0
-1.0,-98.59,1.0
-4.13,-96.76,1.0
217.48,-25.7,1.0
220.7,-27.79,1.0
216.26,-30.0,1.0
216.52,-25.23,1.0
221.61,-24.51,1.0
218.57,-22.34,1.0
221.86,-28.43,1.0
220.43,-24.34,1.0
220.75,-29.46,1.0
215.57,-26.03,1.0
-83.49,110.54,1.0
-85.86,112.52,1.0
-86.83,106.67,1.0
-91.87,109.68,1.0
-87.55,110.23,1.0
-85.75,108.76,1.0
-84.53,108.87,1.0
-84.13,109.66,1.0
-86.19,113.86,1.0
-86.23,112.92,1.0
7.39,52.22,1.0
9.23,55.11,1.0
7.83,50.37,1.0
7.06,54.6,1.0
6.25,55.49,1.0
8.18,52.88,1.0
9.52,52.42,1.0
8.46,51.02,1.0
7.53,56.55,1.0
9.06,51.39,1.0
197.12,106.97,1.0
197.09,110.08,1.0
197.45,107.59,1.0
194.26,110.58,1.0
197.75,111.72,1.0
198.63,109.37,1.0
194.95,112.7,1.0
197.88,110.03,1.0
199.96,110.08,1.0
195.16,112.0,1.0
226.76,209.49,1.0
224.76,208.65,1.0
228.14,209.21,1.0
225.05,209.75,1.0
224.93,209.93,1.0
222.93,207.37,1.0
222.78,209.27,1.0
229.32,210.12,1.0
224.05,207.41,1.0
223.35,210.7,1.0
-164.01,-188.27,1.0
-165.0,-189.33,1.0
-162.48,-188.3,1.0
-160.91,-186.98,1.0
-160.62,-190.13,1.0
-160.76,-194.37,1.0
-164.51,-187.39,1.0
-160.94,-192.36,1.0
-163.02,-191.33,1.0
-162.2,-193.04,1.0
-145.79,197.13,1.0
-146.95,193.42,1.0
-146.04,198.04,1.0
-145.75,199.85,1.0
-145.55,196.92,1.0
-144.64,192.13,1.0
-143.5,193.86,1.0
-143.54,192.64,1.0
-145.43,197.74,1.0
-146.93,190.55,1.0
62.37,67.81,1.0
60.19,65.22,1.0
64.04,70.2,1.0
62.7,67.12,1.0
62.23,65.58,1.0
60.55,66.69,1.0
58.09,65.96,1.0
61.51,65.14,1.0
62.47,64.47,1.0
62.83,65.43,1.0
-137.57,-89.26,1.0
-142.53,-83.79,1.0
-141.41,-86.08,1.0
-135.43,-85.55,1.0
-140.73,-87.14,1.0
-138.74,-84.66,1.0
-136.14,-80.69,1.0
-141.16,-85.95,1.0
-135.39,-82.41,1.0
-139.76,-86.68,1.0
17.1,80.31,1.0
17.79,83.62,1.0
19.29,80.91,1.0
20.23,79.76,1.0
18.62,83.41,1.0
19.25,80.17,1.0
19.36,83.4,1.0
15.01,81.77,1.0
18.37,79.53,1.0
22.03,81.01,1.0
228.75,85.49,1.0
228.91,88.38,1.0
224.47,82.55,1.0
222.91,86.03,1.0
224.27,86.98,1.0
227.42,86.94,1.0
227.09,87.15,1.0
226.28,87.89,1.0
223.19,87.59,1.0
222.65,89.53,1.0
63.36,-34.26,1.0
62.71,-39.99,1.0
61.93,-37.99,1.0
63.29,-33.26,1.0
63.72,-32.63,1.0
61.56,-36.82,1.0
67.02,-38.72,1.0
65.6,-39.25,1.0
65.73,-37.12,1.0
62.03,-38.19,1.0
52.55,-196.75,1.0
55.83,-199.21,1.0
57.44,-196.1,1.0
56.27,-196.32,1.0
52.82,-195.43,1.0
57.33,-197.1,1.0
52.61,-198.98,1.0
56.92,-196.81,1.0
52.73,-200.31,1.0
54.03,-196.62,1.0
145.37,217.46,1.0
139.55,217.49,1.0
142.34,223.53,1.0
145.77,218.46,1.0
145.75,222.9,1.0
145.89,217.48,1.0
145.8,215.35,1.0
142.14,216.87,1.0
143.71,221.86,1.0
146.96,215.29,1.0
-101.8,54.57,1.0
-100.56,54.19,1.0
-100.62,57.28,1.0
-104.41,55.31,1.0
-100.13,56.72,1.0
-97.01,58.61,1.0
-100.49,60.39,1.0
-102.1,58.85,1.0
-102.04,55.84,1.0
-104.78,55.83,1.0
29.47,-77.5,1.0
27.84,-76.88,1.0
27.79,-75.61,1.0
28.34,-77.63,1.0
30.78,-76.96,1.0
30.11,-77.67,1.0
29.88,-78.68,1.0
30.17,-76.73,1.0
29.29,-75.78,1.0
29.09,-77.64,1.0
-82.62,54.42,1.0
-78.58,52.74,1.0
-82.18,54.08,1.0
-81.47,53.21,1.0
-80.49,56.9,1.0
-79.76,61.99,1.0
-80.8,60.56,1.0
-77.44,55.77,1.0
-79.82,52.53,1.0
-84.54,55.13,1.0
-13.51,28.56,1.0
-11.6,24.66,1.0
-15.73,32.25,1.0
-12.27,29.78,1.0
-13.42,27.22,1.0
-12.28,27.36,1.0
-16.21,28.06,1.0
-13.5,32.9,1.0
-13.76,29.03,1.0
-14.92,31.29,1.0
-63.39,-14.18,1.0
-62.02,-12.08,1.0
-63.59,-10.53,1.0
-63.36,-12.21,1.0
-65.92,-12.79,1.0
-65.34,-12.45,1.0
-58.23,-13.98,1.0
-59.95,-11.81,1.0
-66.93,-9.63,1.0
-59.3,-12.06,1.0
197.21,30.79,1.0
199.86,33.02,1.0
197.83,28.52,1.0
192.06,30.05,1.0
193.87,29.57,1.0
199.12,31.28,1.0
195.23,28.6,1.0
194.36,30.56,1.0
199.07,31.23,1.0
198.37,33.54,1.0
84.27,-150.11,1.0
87.15,-151.99,1.0
86.75,-154.07,1.0
85.03,-151.95,1.0
88.0,-152.56,1.0
87.54,-153.35,1.0
87.23,-151.13,1.0
89.83,-150.16,1.0
85.23,-153.32,1.0
82.64,-152.59,1.0
-228.6,143.5,1.0
-229.3,143.94,1.0
-228.97,145.06,1.0
-234.95,141.14,1.0
-228.71,142.51,1.0
-229.13,145.08,1.0
-226.37,145.19,1.0
-232.69,142.23,1.0
-230.92,143.81,1.0
-230.37,146.65,1.0
-79.49,-39.07,1.0
-81.44,-31.93,1.0
-77.86,-33.12,1.0
-79.88,-38.64,1.0
-80.68,-38.53,1.0
-81.03,-35.37,1.0
-80.87,-37.43,1.0
-78.14,-33.72,1.0
-77.37,-30.84,1.0
-79.17,-37.55,1.0
128.29,101.01,1.0
132.43,100.21,1.0
129.16,100.26,1.0
126.44,100.75,1.0
127.11,101.95,1.0
127.01,103.47,1.0
128.38,102.48,1.0
129.88,101.53,1.0
125.53,101.18,1.0
130.39,98.08,1.0
72.61,99.57,1.0
72.15,99.16,1.0
70.47,101.26,1.0
73.32,99.99,1.0
75.03,99.62,1.0
72.45,96.88,1.0
71.45,98.67,1.0
76.08,100.88,1.0
74.86,101.39,1.0
71.23,97.51,1.0
97.42,-113.72,1.0
90.79,-117.11,1.0
93.36,-110.32,1.0
91.77,-113.37,1.0
97.22,-114.72,1.0
93.86,-111.38,1.0
95.47,-109.86,1.0
91.62,-107.56,1.0
95.47,-110.21,1.0
92.78,-113.47,1.0
-228.29,-176.14,1.0
-230.04,-172.25,1.0
-225.83,-173.52,1.0
-229.73,-176.43,1.0
-229.3,-175.24,1.0
-228.1,-174.84,1.0
-229.12,-174.35,1.0
-229.23,-172.94,1.0
-231.87,-173.63,1.0
-230.43,-175.3,1.0
-137.06,-158.41,1.0
-137.86,-158.44,1.0
-138.3,-155.8,1.0
-137.56,-156.18,1.0
-136.2,-156.33,1.0
-137.4,-156.56,1.0
-134.92,-157.06,1.0
-136.35,-157.66,1.0
-135.75,-160.43,1.0
-137.47,-159.89,1.0
-20.57,-18.2,1.0
-15.44,-17.05,1.0
-17.11,-20.08,1.0
-17.59,-19.24,1.0
-21.05,-18.67,1.0
-16.37,-19.35,1.0
-17.56,-20.04,1.0
-16.68,-18.39,1.0
-15.3,-16.92,1.0
-17.32,-19.1,1.0
-61.62,-142.05,1.0
-60.17,-144.79,1.0
-60.78,-144.8,1.0
-55.21,-148.99,1.0
-59.76,-146.63,1.0
-58.56,-146.43,1.0
-56.29,-143.98,1.0
-60.81,-142.53,1.0
-56.94,-144.44,1.0
-55.76,-144.51,1.0
-41.5,164.56,1.0
-44.59,162.82,1.0
-45.92,161.81,1.0
-44.12,166.69,1.0
-43.09,166.22,1.0
-41.98,166.65,1.0
-42.69,165.0,1.0
-41.24,166.68,1.0
-44.38,166.5,1.0
-42.37,164.88,1.0
-141.86,-35.97,1.0
-140.29,-27.96,1.0
-139.67,-27.92,1.0
-144.09,-32.41,1.0
-139.34,-31.95,1.0
-138.91,-31.22,1.0
-138.67,-33.97,1.0
-144.42,-38.0,1.0
-138.23,-29.25,1.0
-143.15,-28.65,1.0
-104.23,-25.51,1.0
-102.09,-28.39,1.0
-99.61,-26.43,1.0
-105.45,-23.91,1.0
-103.65,-25.97,1.0
-103.1,-21.04,1.0
-101.16,-28.76,1.0
-103.22,-29.75,1.0
-104.26,-24.63,1.0
-101.07,-24.86,1.0
120.2,-162.02,1.0
121.47,-164.64,1.0
123.97,-163.84,1.0
125.46,-163.1,1.0
124.01,-161.69,1.0
121.44,-161.76,1.0
120.67,-164.39,1.0
124.82,-163.08,1.0
126.24,-161.55,1.0
124.61,-159.89,1.0
231.18,-122.95,1.0
230.82,-126.31,1.0
234.84,-127.74,1.0
230.82,-127.19,1.0
232.62,-123.13,1.0
231.84,-123.5,1.0
230.89,-121.5,1.0
234.8,-129.27,1.0
235.83,-123.49,1.0
234.12,-125.43,1.0
27.53,-109.19,1.0
24.24,-104.42,1.0
27.5,-105.06,1.0
25.14,-102.27,1.0
28.95,-104.14,1.0
28.62,-104.47,1.0
26.19,-106.0,1.0
31.11,-107.62,1.0
25.49,-106.2,1.0
27.43,-104.31,1.0
-133.3,-21.43,1.0
-132.21,-20.9,1.0
-133.95,-20.06,1.0
-134.99,-19.83,1.0
-130.86,-16.72,1.0
-134.46,-18.23,1.0
-133.18,-18.92,1.0
-132.34,-21.39,1.0
-133.17,-24.12,1.0
-132.7,-19.97,1.0
20.08,220.57,1.0
21.88,221.53,1.0
24.3,219.72,1.0
21.79,220.78,1.0
23.57,223.62,1.0
25.54,222.55,1.0
22.85,223.34,1.0
23.18,223.95,1.0
22.75,221.41,1.0
25.83,219.57,1.0
138.8,158.27,1.0
137.1,159.41,1.0
140.08,162.26,1.0
141.98,156.39,1.0
140.02,158.29,1.0
137.83,163.28,1.0
138.97,164.29,1.0
142.12,160.6,1.0
137.17,159.81,1.0
138.41,159.3,1.0
-118.58,144.65,1.0
-116.9,146.79,1.0
-114.42,143.68,1.0
-112.27,146.59,1.0
-118.32,145.58,1.0
-111.85,145.16,1.0
-114.95,144.31,1.0
-112.95,143.46,1.0
-113.45,139.86,1.0
-118.2,146.92,1.0
223.58,25.7,1.0
230.26,22.1,1.0
225.35,21.28,1.0
227.71,23.73,1.0
226.05,23.77,1.0
226.75,19.96,1.0
225.24,24.32,1.0
226.71,23.65,1.0
228.07,27.72,1.0
228.91,25.31,1.0
207.9,-139.41,1.0
207.53,-141.01,1.0
212.62,-138.69,1.0
210.04,-141.39,1.0
211.7,-142.4,1.0
206.46,-139.34,1.0
209.26,-138.0,1.0
208.75,-135.54,1.0
214.42,-137.33,1.0
210.58,-138.02,1.0
33.3,-168.44,1.0
36.21,-167.21,1.0
36.18,-165.62,1.0
37.52,-167.5,1.0
39.94,-161.98,1.0
35.46,-167.03,1.0
34.87,-165.91,1.0
33.48,-166.66,1.0
35.48,-166.66,1.0
33.85,-164.89,1.0
192.9,-201.28,1.0
190.36,-201.96,1.0
196.89,-198.25,1.0
194.18,-200.64,1.0
193.87,-203.02,1.0
193.42,-200.07,1.0
196.47,-204.56,1.0
191.16,-196.86,1.0
195.79,-198.69,1.0
191.71,-200.2,1.0
125.39,18.47,1.0
130.28,17.51,1.0
126.66,22.26,1.0
129.43,22.87,1.0
125.28,20.52,1.0
131.97,20.41,1.0
127.84,19.9,1.0
129.39,26.47,1.0
130.14,19.0,1.0
127.07,22.21,1.0
-8.56,185.18,1.0
-10.37,179.61,1.0
-11.15,183.27,1.0
-7.99,182.25,1.0
-10.27,182.01,1.0
-9.35,179.51,1.0
-11.77,182.28,1.0
-14.52,180.45,1.0
-7.41,183.28,1.0
-10.82,179.55,1.0
-140.48,105.79,1.0
-145.4,106.74,1.0
-144.12,106.28,1.0
-147.31,106.63,1.0
-142.58,110.98,1.0
-138.68,106.95,1.0
-142.86,104.35,1.0
-141.15,106.48,1.0
-145.23,104.09,1.0
-143.73,107.06,1.0
-62.92,-44.05,1.0
-64.43,-45.76,1.0
-65.84,-44.51,1.0
-68.9,-43.72,1.0
-63.73,-46.52,1.0
-66.09,-46.7,1.0
-64.83,-42.91,1.0
-66.08,-45.59,1.0
-66.06,-46.37,1.0
-64.2,-43.71,1.0
-27.78,-174.98,1.0
-30.81,-174.38,1.0
-31.75,-173.38,1.0
-31.53,-171.81,1.0
-34.88,-172.85,1.0
-36.03,-172.34,1.0
-34.69,-175.48,1.0
-35.65,-174.17,1.0
-35.02,-170.83,1.0
-30.07,-173.07,1.0
173.89,71.83,1.0
179.28,72.14,1.0
177.21,70.61,1.0
173.75,70.21,1.0
171.99,74.47,1.0
177.42,70.83,1.0
171.21,72.34,1.0
172.73,70.24,1.0
171.42,75.11,1.0
172.69,69.0,1.0
56.89,69.31,1.0
54.69,66.88,1.0
53.74,65.37,1.0
61.13,65.89,1.0
58.82,69.38,1.0
56.65,63.78,1.0
55.94,71.31,1.0
56.48,65.87,1.0
57.84,66.49,1.0
58.13,69.37,1.0
40.0,-178.59,1.0
40.77,-178.3,1.0
39.65,-177.76,1.0
44.66,-178.82,1.0
39.53,-173.95,1.0
38.29,-176.84,1.0
40.44,-178.16,1.0
40.07,-176.6,1.0
40.25,-178.48,1.0
46.56,-173.25,1.0
95.26,101.22,1.0
94.81,98.97,1.0
92.32,99.86,1.0
92.56,103.78,1.0
90.24,102.79,1.0
91.12,103.67,1.0
94.25,104.39,1.0
91.73,99.57,1.0
92.54,97.61,1.0
91.58,105.19,1.0
-113.42,134.47,1.0
-115.94,132.82,1.0
-113.43,133.12,1.0
-110.65,132.58,1.0
-112.43,134.88,1.0
-118.12,135.17,1.0
-117.89,132.98,1.0
-113.02,134.53,1.0
-115.78,130.7,1.0
-114.23,135.33,1.0
-235.72,-54.97,1.0
-232.08,-59.61,1.0
-232.03,-58.9,1.0
-233.32,-56.34,1.0
-234.56,-56.13,1.0
-229.55,-58.61,1.0
-235.45,-56.49,1.0
-229.13,-59.67,1.0
-236.59,-57.97,1.0
-236.16,-57.07,1.0
176.85,-127.98,1.0
177.63,-124.97,1.0
179.11,-126.6,1.0
180.07,-125.97,1.0
177.35,-123.69,1.0
173.17,-128.27,1.0
176.1,-128.18,1.0
174.83,-126.11,1.0
178.24,-125.78,1.0
173.75,-128.07,1.0
228.88,165.78,1.0
227.23,158.96,1.0
230.9,165.26,1.0
227.52,163.16,1.0
225.2,163.33,1.0
226.56,160.27,1.0
229.94,165.37,1.0
224.1,161.91,1.0
230.82,161.07,1.0
227.68,160.27,1.0
163.82,107.33,1.0
165.51,110.85,1.0
163.02,110.94,1.0
165.72,113.97,1.0
164.44,113.89,1.0
163.06,113.31,1.0
168.7,113.51,1.0
168.93,114.08,1.0
161.17,108.39,1.0
166.01,114.38,1.0
-215.95,-157.72,1.0
-216.23,-158.26,1.0
-214.76,-159.95,1.0
-213.37,-156.12,1.0
-214.02,-159.87,1.0
-212.9,-157.87,1.0
-212.29,-157.87,1.0
-213.89,-160.22,1.0
-218.74,-156.67,1.0
-214.25,-156.44,1.0
-50.2,-144.5,1.0
-51.78,-142.15,1.0
-53.14,-146.97,1.0
-54.73,-143.36,1.0
-54.21,-139.86,1.0
-49.95,-144.93,1.0
-54.5,-144.74,1.0
-52.35,-143.53,1.0
-51.73,-146.09,1.0
-49.71,-140.05,1.0
92.94,226.78,1.0
91.8,225.05,1.0
93.69,225.71,1.0
92.04,224.94,1.0
95.03,224.9,1.0
90.79,229.48,1.0
91.57,222.51,1.0
95.85,224.58,1.0
93.72,225.61,1.0
92.54,227.72,1.0
-166.7,160.8,1.0
-166.3,163.19,1.0
-163.02,162.53,1.0
-165.32,162.35,1.0
-168.55,163.24,1.0
-163.95,161.76,1.0
-163.86,162.03,1.0
-168.43,162.64,1.0
-165.39,162.66,1.0
-163.79,162.04,1.0
221.45,-198.12,1.0
215.19,-195.54,1.0
218.5,-194.81,1.0
222.26,-195.92,1.0
220.02,-196.62,1.0
220.64,-200.43,1.0
218.28,-197.66,1.0
220.48,-195.19,1.0
221.25,-198.95,1.0
224.71,-199.79,1.0
82.94,-73.44,1.0
79.55,-70.91,1.0
81.68,-69.17,1.0
80.69,-72.35,1.0
78.04,-69.2,1.0
83.36,-69.57,1.0
83.74,-69.74,1.0
80.86,-72.82,1.0
81.07,-71.74,1.0
77.02,-71.05,1.0
2.73,152.19,1.0
7.65,149.58,1.0
6.98,148.98,1.0
7.51,152.75,1.0
3.82,154.66,1.0
6.59,155.31,1.0
5.09,159.64,1.0
5.27,156.04,1.0
5.76,151.21,1.0
9.7,153.5,1.0
226.35,-131.86,1.0
228.76,-132.45,1.0
226.65,-133.95,1.0
227.02,-133.12,1.0
224.82,-133.43,1.0
225.17,-131.34,1.0
226.96,-129.5,1.0
227.5,-131.46,1.0
225.55,-129.54,1.0
226.64,-133.51,1.0
-24.22,-189.35,1.0
-21.44,-185.62,1.0
-26.66,-188.33,1.0
-22.51,-183.9,1.0
-22.39,-184.84,1.0
-24.9,-186.18,1.0
-24.13,-186.07,1.0
-22.89,-187.75,1.0
-24.69,-188.15,1.0
-25.92,-183.24,1.0
4.89,-233.34,1.0
3.6,-230.74,1.0
10.45,-232.37,1.0
8.31,-229.83,1.0
8.05,-235.48,1.0
7.01,-229.15,1.0
7.16,-231.07,1.0
5.16,-232.42,1.0
6.58,-232.28,1.0
4.96,-233.57,1.0
122.44,-224.02,1.0
122.0,-226.67,1.0
123.77,-229.04,1.0
122.39,-226.14,1.0
122.57,-224.74,1.0
121.59,-226.72,1.0
124.39,-227.63,1.0
125.89,-223.98,1.0
123.02,-226.58,1.0
123.79,-226.57,1.0
-172.84,-61.08,1.0
-174.27,-65.48,1.0
-175.1,-64.37,1.0
-179.66,-64.08,1.0
-179.07,-62.76,1.0
-176.51,-62.26,1.0
-172.89,-62.19,1.0
-177.12,-67.2,1.0
-174.58,-66.75,1.0
-174.78,-65.98,1.0
63.05,173.28,1.0
63.27,170.77,1.0
58.98,167.51,1.0
61.11,170.16,1.0
63.81,167.97,1.0
62.05,169.51,1.0
56.26,170.4,1.0
57.97,165.4,1.0
60.85,165.9,1.0
61.52,170.82,1.0
94.26,77.48,1.0
98.57,78.53,1.0
96.45,77.55,1.0
96.4,77.86,1.0
95.65,76.28,1.0
95.85,76.13,1.0
98.76,73.94,1.0
94.33,74.8,1.0
95.44,74.71,1.0
93.49,79.16,1.0
-200.46,-85.94,1.0
-195.04,-84.71,1.0
-196.6,-88.89,1.0
-197.53,-86.23,1.0
-201.74,-83.66,1.0
-197.33,-88.14,1.0
-197.18,-86.69,1.0
-194.84,-91.28,1.0
-198.5,-86.4,1.0
-197.07,-89.89,1.0
-149.07,47.26,1.0
-147.72,43.1,1.0
-148.44,42.27,1.0
-145.37,46.15,1.0
-149.94,39.64,1.0
-148.39,48.31,1.0
-148.85,45.8,1.0
-148.95,41.69,1.0
-148.44,47.46,1.0
-152.32,41.44,1.0
-117.8,-222.39,1.0
-121.96,-221.27,1.0
-126.36,-218.15,1.0
-120.88,-220.23,1.0
-119.82,-220.66,1.0
-118.77,-218.14,1.0
-125.57,-218.81,1.0
-122.18,-218.19,1.0
-121.16,-218.52,1.0
-123.6,-220.67,1.0
219.92,42.02,1.0
213.96,43.64,1.0
214.09,42.89,1.0
214.11,42.84,1.0
214.12,39.2,1.0
217.72,41.21,1.0
216.32,42.51,1.0
215.48,42.62,1.0
216.22,44.42,1.0
215.11,42.86,1.0
5.02,0.63,1.0
2.27,-1.56,1.0
1.5,-0.25,1.0
3.59,-0.76,1.0
7.17,-1.99,1.0
5.35,2.53,1.0
3.08,0.53,1.0
2.83,-0.44,1.0
2.9,-1.62,1.0
4.11,2.06,1.0
161.55,-165.04,1.0
161.71,-165.99,1.0
160.16,-170.76,1.0
156.36,-166.12,1.0
161.26,-165.9,1.0
162.22,-164.61,1.0
162.4,-169.17,1.0
160.92,-165.07,1.0
161.29,-166.63,1.0
160.99,-163.92,1.0
9.15,-65.7,1.0
7.54,-64.41,1.0
11.92,-63.41,1.0
14.54,-61.39,1.0
10.4,-64.31,1.0
10.04,-67.91,1.0
12.76,-66.55,1.0
9.08,-62.67,1.0
8.57,-65.52,1.0
13.5,-67.07,1.0
143.69,198.69,1.0
143.03,196.28,1.0
145.08,197.51,1.0
143.99,195.07,1.0
143.85,193.37,1.0
142.17,194.27,1.0
146.8,192.61,1.0
148.56,195.63,1.0
141.95,190.74,1.0
144.35,195.31,1.0
114.22,-109.37,1.0
115.99,-106.43,1.0
118.33,-109.05,1.0
117.03,-106.81,1.0
111.3,-110.14,1.0
113.32,-106.4,1.0
117.42,-110.39,1.0
117.69,-111.02,1.0
118.65,-109.43,1.0
115.13,-111.89,1.0
-43.12,32.36,1.0
-41.25,25.3,1.0
-40.26,22.15,1.0
-39.73,23.69,1.0
-39.94,25.75,1.0
-43.8,26.59,1.0
-39.12,25.0,1.0
-41.91,32.25,1.0
-40.36,27.28,1.0
-43.08,27.36,1.0
-218.7,82.31,1.0
-219.5,77.92,1.0
-223.06,79.2,1.0
-219.4,79.08,1.0
-218.33,82.45,1.0
-217.54,83.04,1.0
-219.6,78.43,1.0
-215.79,80.76,1.0
-221.68,80.34,1.0
-220.81,76.26,1.0
201.23,-54.61,1.0
204.88,-55.96,1.0
201.69,-57.31,1.0
205.26,-54.71,1.0
203.91,-53.71,1.0
203.55,-57.83,1.0
201.13,-55.22,1.0
205.18,-55.41,1.0
204.91,-55.61,1.0
202.35,-58.28,1.0
-79.55,185.55,1.0
-80.07,185.77,1.0
-77.57,184.71,1.0
-82.55,186.27,1.0
-81.61,185.67,1.0
-79.87,188.34,1.0
-82.04,185.38,1.0
-84.64,185.67,1.0
-81.21,187.59,1.0
-81.92,186.46,1.0
186.19,-238.1,1.0
186.08,-239.63,1.0
187.63,-238.03,1.0
183.72,-233.09,1.0
184.38,-238.56,1.0
187.2,-240.7,1.0
184.6,-239.34,1.0
191.74,-242.69,1.0
188.0,-234.6,1.0
188.19,-239.41,1.0
2.29,-54.51,1.0
1.76,-55.65,1.0
4.5,-53.88,1.0
-0.68,-54.88,1.0
2.19,-54.12,1.0
3.31,-55.74,1.0
2.87,-52.89,1.0
-1.03,-53.84,1.0
1.19,-55.82,1.0
1.38,-55.04,1.0
-80.39,-96.64,1.0
-81.3,-92.01,1.0
-78.43,-96.97,1.0
-80.33,-99.75,1.0
-79.56,-96.65,1.0
-81.4,-92.25,1.0
-75.02,-93.02,1.0
-76.76,-94.54,1.0
-77.27,-92.57,1.0
-80.02,-93.91,1.0
-201.26,209.23,1.0
-197.39,208.48,1.0
-201.88,211.25,1.0
-198.08,210.11,1.0
-198.42,209.23,1.0
-198.71,207.48,1.0
-201.26,207.41,1.0
-199.88,207.89,1.0
-203.34,205.69,1.0
-199.75,208.38,1.0
-230.48,38.8,1.0
-227.2,39.78,1.0
-224.27,37.78,1.0
-225.92,38.53,1.0
-227.03,38.82,1.0
-219.34,37.87,1.0
-227.03,38.17,1.0
-226.76,38.07,1.0
-223.71,41.34,1.0
-226.18,41.37,1.0
7.22,-71.48,1.0
6.6,-72.27,1.0
9.13,-71.57,1.0
5.77,-73.09,1.0
3.86,-66.44,1.0
7.48,-73.85,1.0
11.88,-74.76,1.0
6.89,-73.58,1.0
6.61,-69.79,1.0
3.95,-71.65,1.0
-198.81,223.72,1.0
-198.6,223.97,1.0
-194.96,226.85,1.0
-193.33,229.35,1.0
-194.99,230.44,1.0
-193.79,227.22,1.0
-194.03,225.21,1.0
-197.5,230.07,1.0
-197.05,224.03,1.0
-196.95,223.3,1.0
-143.72,-103.1,1.0
-143.16,-99.63,1.0
-138.16,-101.3,1.0
-146.15,-99.85,1.0
-145.83,-101.66,1.0
-139.61,-102.02,1.0
-143.04,-100.62,1.0
-146.25,-102.8,1.0
-145.08,-96.03,1.0
-144.97,-100.1,1.0
-224.38,-180.19,1.0
-222.67,-178.07,1.0
-222.5,-188.43,1.0
-224.01,-183.19,1.0
-228.21,-181.09,1.0
-224.16,-184.34,1.0
-222.45,-184.55,1.0
-225.58,-178.79,1.0
-222.89,-183.29,1.0
-223.78,-182.44,1.0
-28.03,-108.66,1.0
-28.06,-110.41,1.0
-22.35,-107.61,1.0
-27.73,-109.86,1.0
-28.78,-109.74,1.0
-26.7,-110.28,1.0
-26.99,-107.41,1.0
-30.28,-107.56,1.0
-28.39,-105.51,1.0
-25.13,-108.51,1.0
239.15,-93.26,1.0
239.61,-94.1,1.0
238.03,-94.73,1.0
241.65,-92.06,1.0
237.06,-97.63,1.0
237.24,-94.75,1.0
239.72,-92.88,1.0
235.72,-95.74,1.0
242.02,-93.35,1.0
243.33,-90.58,1.0
154.9,45.94,1.0
156.02,44.84,1.0
155.02,45.92,1.0
154.47,51.58,1.0
155.45,43.82,1.0
153.05,44.79,1.0
157.16,43.31,1.0
158.34,42.86,1.0
156.73,43.86,1.0
152.23,44.97,1.0
46.38,172.07,1.0
49.51,177.76,1.0
48.39,175.81,1.0
49.16,176.98,1.0
46.74,177.45,1.0
44.57,172.03,1.0
45.16,173.11,1.0
47.15,175.31,1.0
45.69,176.99,1.0
47.49,173.33,1.0
-142.87,-26.57,1.0
-141.55,-26.41,1.0
-140.64,-28.63,1.0
-141.51,-28.88,1.0
-141.37,-27.37,1.0
-145.07,-28.25,1.0
-141.91,-25.76,1.0
-142.41,-24.93,1.0
-138.1,-28.31,1.0
-138.6,-25.88,1.0
142.39,-226.13,1.0
140.32,-226.37,1.0
138.39,-229.62,1.0
143.18,-228.03,1.0
142.04,-226.14,1.0
138.21,-226.17,1.0
142.42,-225.57,1.0
138.92,-227.95,1.0
139.2,-226.42,1.0
142.05,-226.37,1.0
9.69,186.79,1.0
4.19,185.78,1.0
3.29,186.08,1.0
7.86,187.29,1.0
5.59,186.36,1.0
8.76,183.89,1.0
11.74,182.31,1.0
6.98,184.05,1.0
7.08,187.56,1.0
7.57,189.46,1.0
54.54,33.54,1.0
49.44,32.15,1.0
52.97,32.48,1.0
52.98,33.78,1.0
52.01,29.65,1.0
51.5,29.66,1.0
52.26,30.68,1.0
47.71,29.85,1.0
54.02,29.26,1.0
50.07,31.35,1.0
112.02,-104.31,1.0
113.08,-103.67,1.0
113.22,-103.53,1.0
115.14,-105.63,1.0
115.88,-105.45,1.0
115.39,-105.25,1.0
114.57,-100.65,1.0
114.6,-102.19,1.0
113.44,-106.8,1.0
113.82,-102.17,1.0
-141.26,74.76,1.0
-144.92,74.08,1.0
-137.52,72.28,1.0
-142.48,76.3,1.0
-140.02,76.39,1.0
-141.27,78.81,1.0
-140.75,74.78,1.0
-142.96,73.27,1.0
-137.06,75.39,1.0
-138.01,75.04,1.0
178.32,162.9,1.0
179.03,163.06,1.0
173.84,161.28,1.0
171.33,159.67,1.0
173.44,166.02,1.0
178.81,163.25,1.0
179.37,160.05,1.0
174.75,163.18,1.0
176.77,162.28,1.0
173.04,164.1,1.0
-154.56,-116.63,1.0
-155.74,-114.63,1.0
-151.8,-118.04,1.0
-151.8,-114.47,1.0
-150.37,-113.93,1.0
-150.87,-118.29,1.0
-150.28,-116.24,1.0
-150.81,-114.35,1.0
-151.9,-117.55,1.0
-152.62,-114.72,1.0
201.61,-80.61,1.0
203.07,-80.32,1.0
198.36,-84.36,1.0
200.33,-81.28,1.0
206.62,-83.21,1.0
201.84,-81.54,1.0
198.47,-87.61,1.0
202.51,-81.24,1.0
198.66,-84.34,1.0
200.76,-86.5,1.0
-3.45,-147.43,1.0
-0.96,-147.38,1.0
-0.66,-151.34,1.0
0.48,-150.37,1.0
-2.91,-152.94,1.0
-1.01,-152.57,1.0
2.21,-147.23,1.0
0.96,-152.15,1.0
-0.95,-148.04,1.0
-5.65,-151.48,1.0
46.27,-76.4,1.0
46.81,-77.11,1.0
47.45,-73.13,1.0
45.45,-75.22,1.0
43.4,-75.53,1.0
45.67,-77.82,1.0
45.5,-72.58,1.0
44.25,-73.29,1.0
47.84,-72.13,1.0
49.92,-74.7,1.0
165.07,125.1,1.0
164.82,126.14,1.0
171.42,130.33,1.0
167.42,125.46,1.0
166.65,128.1,1.0
168.46,127.9,1.0
169.51,122.49,1.0
168.67,127.28,1.0
170.46,127.46,1.0
167.58,124.41,1.0
-202.72,-176.11,1.0
-201.41,-176.67,1.0
-200.15,-181.29,1.0
-203.53,-181.98,1.0
-198.74,-179.9,1.0
-201.92,-179.17,1.0
-203.71,-180.26,1.0
-201.88,-175.21,1.0
-198.85,-177.75,1.0
-198.5,-178.35,1.0
124.14,107.62,1.0
121.18,105.7,1.0
121.13,103.99,1.0
121.32,109.66,1.0
121.24,110.0,1.0
117.17,105.19,1.0
118.34,108.32,1.0
119.07,107.18,1.0
119.28,104.46,1.0
120.66,107.99,1.0
-30.04,-47.92,1.0
-32.34,-44.39,1.0
-35.72,-45.96,1.0
-32.39,-46.23,1.0
-31.58,-48.82,1.0
-33.06,-42.17,1.0
-33.5,-51.08,1.0
-31.16,-45.72,1.0
-31.35,-47.55,1.0
-31.95,-45.6,1.0
-68.4,-202.4,1.0
-63.33,-199.06,1.0
-66.24,-200.72,1.0
-67.74,-200.88,1.0
-65.09,-200.57,1.0
-66.46,-203.29,1.0
-64.37,-199.34,1.0
-65.44,-199.37,1.0
-65.34,-197.88,1.0
-62.95,-197.5,1.0
-52.26,116.37,1.0
-59.06,119.09,1.0
-57.31,120.2,1.0
-53.89,117.42,1.0
-54.09,119.38,1.0
-54.24,118.63,1.0
-58.72,117.8,1.0
-55.24,114.83,1.0
-58.63,115.45,1.0
-57.22,115.95,1.0
-124.18,152.81,1.0
-120.91,154.03,1.0
-123.46,148.2,1.0
-119.71,151.4,1.0
-118.48,149.97,1.0
-124.14,152.53,1.0
-122.38,154.59,1.0
-121.65,152.38,1.0
-123.58,153.43,1.0
-120.55,151.49,1.0
157.24,92.79,1.0
154.84,88.53,1.0
151.94,87.34,1.0
152.11,87.56,1.0
155.22,88.74,1.0
154.57,89.67,1.0
157.31,90.26,1.0
155.3,87.93,1.0
152.92,91.22,1.0
149.27,90.44,1.0
-238.14,-16.95,1.0
-238.38,-15.32,1.0
-236.5,-16.02,1.0
-235.83,-18.08,1.0
-238.87,-12.62,1.0
-243.17,-16.4,1.0
-235.47,-18.75,1.0
-236.13,-16.46,1.0
-237.77,-17.25,1.0
-237.91,-13.81,1.0
49.64,-213.23,1.0
48.65,-218.0,1.0
51.12,-214.98,1.0
48.0,-216.14,1.0
47.56,-216.84,1.0
52.92,-216.0,1.0
51.46,-216.41,1.0
50.43,-220.71,1.0
48.26,-213.56,1.0
49.45,-213.67,1.0
201.54,68.76,1.0
202.57,68.44,1.0
205.77,75.01,1.0
204.12,68.39,1.0
204.29,66.93,1.0
201.81,67.77,1.0
202.45,72.57,1.0
200.2,68.22,1.0
200.94,68.01,1.0
203.24,68.87,1.0
-37.65,16.59,1.0
-42.51,16.45,1.0
-39.75,18.47,1.0
-37.77,16.57,1.0
-38.18,13.87,1.0
-39.17,15.75,1.0
-40.01,13.68,1.0
-37.01,17.85,1.0
-38.86,16.67,1.0
-41.2,14.74,1.0
8.65,177.67,1.0
4.49,175.95,1.0
8.06,178.44,1.0
6.36,181.4,1.0
4.78,180.06,1.0
7.5,181.26,1.0
4.57,180.39,1.0
5.91,183.01,1.0
5.72,182.48,1.0
5.36,177.7,1.0
-111.31,-204.74,1.0
-114.28,-205.55,1.0
-110.42,-207.84,1.0
-112.39,-206.74,1.0
-111.14,-208.73,1.0
-113.28,-206.91,1.0
-110.84,-209.75,1.0
-114.05,-210.24,1.0
-115.67,-206.66,1.0
-112.85,-209.06,1.0
140.32,129.9,1.0
144.18,132.48,1.0
144.33,131.51,1.0
140.8,125.76,1.0
145.38,131.35,1.0
144.98,130.74,1.0
140.75,128.79,1.0
142.86,130.4,1.0
141.45,125.33,1.0
143.3,128.03,1.0
223.7,105.02,1.0
223.74,108.03,1.0
222.27,106.4,1.0
223.19,104.82,1.0
220.89,104.73,1.0
223.46,108.75,1.0
229.0,106.7,1.0
225.57,102.37,1.0
224.36,101.36,1.0
221.34,105.84,1.0
-229.49,-197.12,1.0
-230.79,-200.15,1.0
-226.06,-195.77,1.0
-223.95,-200.63,1.0
-229.65,-196.15,1.0
-232.22,-197.42,1.0
-231.15,-196.21,1.0
-226.86,-199.13,1.0
-230.8,-196.02,1.0
-230.75,-199.9,1.0
-100.46,-172.14,1.0
-99.54,-174.44,1.0
-102.8,-172.67,1.0
-99.25,-173.09,1.0
-99.99,-171.82,1.0
-101.46,-172.5,1.0
-102.85,-172.19,1.0
-99.54,-176.24,1.0
-100.46,-174.55,1.0
-101.7,-176.21,1.0
-222.46,-225.84,1.0
-218.89,-228.51,1.0
-223.32,-225.66,1.0
-222.64,-231.44,1.0
-222.05,-231.45,1.0
-219.49,-230.6,1.0
-219.56,-230.31,1.0
-219.76,-228.26,1.0
-222.23,-232.41,1.0
-222.13,-226.52,1.0
60.62,-35.4,1.0
62.89,-33.01,1.0
62.66,-36.85,1.0
57.59,-34.34,1.0
59.3,-31.97,1.0
60.32,-29.42,1.0
59.13,-33.19,1.0
58.64,-36.19,1.0
59.5,-36.15,1.0
61.38,-38.23,1.0
-184.06,167.48,1.0
-186.81,166.63,1.0
-186.8,169.95,1.0
-185.72,164.14,1.0
-185.99,170.05,1.0
-181.81,166.39,1.0
-184.88,167.06,1.0
-183.41,168.09,1.0
-186.38,166.86,1.0
-185.68,166.7,1.0
-6.98,168.29,1.0
-13.57,171.03,1.0
-12.12,168.31,1.0
-11.8,166.26,1.0
-9.34,169.81,1.0
-11.98,169.18,1.0
-13.23,168.43,1.0
-11.92,170.96,1.0
-12.84,167.31,1.0
-13.47,171.18,1.0
-86.17,-206.86,1.0
-84.57,-206.8,1.0
-84.38,-207.34,1.0
-86.84,-207.13,1.0
-87.86,-206.62,1.0
-88.5,-207.35,1.0
-88.12,-203.98,1.0
-86.83,-206.33,1.0
-88.26,-203.65,1.0
-85.81,-204.08,1.0
-68.16,-80.12,1.0
-69.35,-77.19,1.0
-69.2,-78.85,1.0
-71.45,-78.19,1.0
-68.79,-76.28,1.0
-67.73,-79.89,1.0
-71.81,-80.16,1.0
-70.74,-78.9,1.0
-68.24,-77.18,1.0
-67.39,-79.46,1.0
-168.93,39.64,1.0
-169.66,43.03,1.0
-169.44,42.57,1.0
-168.81,43.07,1.0
-171.41,39.5,1.0
-166.67,33.72,1.0
-168.52,40.97,1.0
-165.49,40.68,1.0
-167.37,39.86,1.0
-171.0,40.61,1.0
-169.33,-141.51,1.0
-172.95,-138.11,1.0
-170.91,-136.91,1.0
-169.5,-142.93,1.0
-168.22,-138.23,1.0
-168.6,-139.63,1.0
-166.36,-137.68,1.0
-167.2,-135.62,1.0
-168.86,-135.09,1.0
-169.89,-139.94,1.0
-196.71,106.61,1.0
-195.22,104.83,1.0
-193.68,104.4,1.0
-195.46,107.06,1.0
-193.64,103.98,1.0
-193.16,104.25,1.0
-193.94,103.97,1.0
-195.08,106.71,1.0
-197.75,104.73,1.0
-195.08,106.69,1.0
-178.42,56.8,1.0
-180.56,59.15,1.0
-183.92,57.41,1.0
-176.83,56.66,1.0
-177.67,58.9,1.0
-178.58,55.88,1.0
-180.34,60.26,1.0
-179.7,54.85,1.0
-178.87,56.66,1.0
-180.68,57.36,1.0
-101.51,-200.99,1.0
-97.47,-193.35,1.0
-102.62,-199.07,1.0
-100.03,-197.74,1.0
-100.12,-199.59,1.0
-98.88,-196.61,1.0
-99.73,-201.46,1.0
-102.42,-196.84,1.0
-98.4,-199.44,1.0
-99.26,-196.38,1.0
148.83,-120.7,1.0
145.97,-118.71,1.0
147.69,-121.12,1.0
149.87,-118.33,1.0
152.2,-118.02,1.0
146.56,-119.42,1.0
152.01,-117.87,1.0
148.85,-114.7,1.0
148.54,-121.51,1.0
145.58,-118.75,1.0
18.55,-134.63,1.0
22.96,-135.23,1.0
17.07,-133.38,1.0
19.38,-138.82,1.0
16.41,-133.37,1.0
18.97,-137.13,1.0
18.77,-134.31,1.0
18.43,-135.2,1.0
20.09,-134.85,1.0
18.19,-136.95,1.0
36.44,-230.67,1.0
39.8,-234.32,1.0
31.94,-235.18,1.0
34.05,-233.85,1.0
36.23,-233.58,1.0
31.74,-232.17,1.0
38.97,-234.63,1.0
32.3,-234.14,1.0
36.14,-229.8,1.0
39.58,-234.24,1.0
77.06,68.13,1.0
76.84,66.16,1.0
75.63,66.41,1.0
81.72,68.21,1.0
76.1,68.98,1.0
78.96,66.8,1.0
79.45,67.34,1.0
78.97,70.26,1.0
78.12,67.34,1.0
77.09,67.24,1.0
-4.29,-98.77,1.0
-6.72,-100.16,1.0
-11.2,-104.48,1.0
-2.48,-99.78,1.0
-8.78,-103.02,1.0
-7.94,-100.9,1.0
-6.88,-102.07,1.0
-9.77,-98.19,1.0
-2.27,-102.03,1.0
-5.7,-101.43,1.0
163.51,-110.3,1.0
163.52,-108.77,1.0
159.13,-113.52,1.0
161.54,-110.2,1.0
159.64,-109.66,1.0
161.09,-112.28,1.0
158.65,-110.12,1.0
161.19,-111.73,1.0
161.61,-109.09,1.0
164.65,-111.57,1.0
86.42,-73.18,1.0
83.71,-70.97,1.0
82.93,-77.85,1.0
82.6,-73.44,1.0
83.57,-74.42,1.0
83.97,-70.67,1.0
84.31,-78.0,1.0
88.95,-74.82,1.0
83.26,-72.4,1.0
86.85,-76.76,1.0
116.43,-136.34,1.0
116.6,-134.93,1.0
113.32,-141.39,1.0
115.35,-136.29,1.0
115.94,-139.84,1.0
116.74,-135.65,1.0
116.56,-138.21,1.0
112.94,-138.06,1.0
120.1,-137.19,1.0
114.47,-139.5,1.0
-57.29,15.4,1.0
-60.13,19.15,1.0
-57.89,18.3,1.0
-63.65,17.93,1.0
-57.83,21.54,1.0
-61.12,19.38,1.0
-58.05,18.22,1.0
-62.55,17.22,1.0
-57.17,16.62,1.0
-57.17,21.33,1.0
29.19,145.23,1.0
27.94,141.62,1.0
28.07,145.27,1.0
27.48,143.75,1.0
28.0,145.42,1.0
27.06,149.86,1.0
28.93,143.97,1.0
25.42,146.05,1.0
29.54,144.5,1.0
29.55,143.61,1.0
156.86,20.93,1.0
160.99,22.3,1.0
162.11,22.18,1.0
160.58,21.3,1.0
158.55,24.9,1.0
157.27,23.44,1.0
160.48,25.52,1.0
162.7,22.69,1.0
160.16,24.24,1.0
162.95,24.01,1.0
190.59,-173.52,1.0
193.0,-173.18,1.0
191.54,-173.89,1.0
186.52,-175.55,1.0
190.71,-172.77,1.0
191.72,-175.44,1.0
191.38,-173.32,1.0
195.24,-178.39,1.0
189.14,-176.38,1.0
191.3,-169.98,1.0
-152.24,29.95,1.0
-155.33,27.77,1.0
-152.62,30.87,1.0
-156.11,33.4,1.0
-158.39,30.27,1.0
-157.94,28.89,1.0
-151.43,30.37,1.0
-158.77,29.65,1.0
-156.57,33.63,1.0
-155.12,31.15,1.0
-78.99,-64.78,1.0
-77.98,-59.44,1.0
-78.49,-62.9,1.0
-77.08,-62.46,1.0
-76.52,-60.33,1.0
-82.88,-63.36,1.0
-76.18,-59.78,1.0
-76.78,-62.82,1.0
-75.44,-57.26,1.0
-79.58,-60.12,1.0
-102.3,-216.52,1.0
-105.92,-219.37,1.0
-102.73,-219.91,1.0
-101.45,-219.75,1.0
-102.86,-221.66,1.0
-102.73,-219.04,1.0
-104.86,-217.65,1.0
-99.66,-220.96,1.0
-103.86,-220.57,1.0
-107.71,-222.04,1.0
45.44,-210.81,1.0
40.93,-208.22,1.0
45.24,-215.23,1.0
43.73,-213.36,1.0
44.95,-214.2,1.0
47.55,-212.81,1.0
44.12,-209.29,1.0
39.75,-212.91,1.0
44.87,-211.21,1.0
43.67,-211.08,1.0
103.01,-210.25,1.0
106.25,-211.57,1.0
106.75,-207.62,1.0
99.78,-207.98,1.0
106.16,-207.34,1.0
103.98,-210.0,1.0
107.23,-208.38,1.0
104.64,-209.74,1.0
103.57,-208.59,1.0
105.57,-209.39,1.0
-31.48,72.94,1.0
-32.39,78.16,1.0
-32.44,79.7,1.0
-32.85,76.68,1.0
-33.02,78.21,1.0
-32.93,79.31,1.0
-32.87,74.18,1.0
-34.99,76.82,1.0
-31.26,77.91,1.0
-29.52,80.27,1.0
-126.36,-40.15,1.0
-126.45,-44.1,1.0
-127.33,-42.15,1.0
-130.69,-40.83,1.0
-127.07,-41.11,1.0
-131.38,-42.05,1.0
-127.05,-45.03,1.0
-129.3,-45.35,1.0
-125.57,-43.92,1.0
-129.02,-43.68,1.0
-215.2,182.05,1.0
-213.55,178.98,1.0
-215.59,175.91,1.0
-212.64,182.61,1.0
-212.47,182.36,1.0
-211.95,182.28,1.0
-213.26,183.93,1.0
-213.51,179.79,1.0
-217.02,180.6,1.0
-206.63,181.69,1.0
118.37,-18.22,1.0
112.44,-19.22,1.0
114.27,-17.84,1.0
113.01,-21.26,1.0
116.5,-16.64,1.0
114.74,-18.86,1.0
113.2,-15.6,1.0
113.52,-18.59,1.0
112.59,-19.72,1.0
115.17,-19.69,1.0
-177.71,-198.99,1.0
-180.83,-198.62,1.0
-180.3,-203.8,1.0
-179.84,-200.2,1.0
-176.04,-201.12,1.0
-179.49,-194.91,1.0
-175.91,-201.1,1.0
-180.71,-198.64,1.0
-180.41,-202.3,1.0
-176.98,-201.32,1.0
-144.01,-30.84,1.0
-144.59,-34.47,1.0
-141.41,-28.85,1.0
-142.96,-30.79,1.0
-144.31,-33.51,1.0
-146.52,-33.62,1.0
-144.38,-29.97,1.0
-144.01,-31.15,1.0
-144.53,-28.36,1.0
-144.84,-31.31,1.0
234.28,159.17,1.0
231.75,164.9,1.0
229.46,160.98,1.0
231.27,163.27,1.0
233.12,161.79,1.0
230.88,158.58,1.0
234.15,160.35,1.0
230.88,160.06,1.0
232.57,158.16,1.0
230.19,162.76,1.0
185.74,-160.7,1.0
188.56,-165.54,1.0
188.49,-162.05,1.0
188.81,-160.57,1.0
190.07,-159.9,1.0
192.94,-161.78,1.0
191.09,-159.15,1.0
191.71,-164.73,1.0
189.28,-161.75,1.0
187.87,-163.85,1.0
-118.41,156.97,1.0
-118.07,156.23,1.0
-118.69,155.49,1.0
-117.64,157.97,1.0
-119.24,156.78,1.0
-114.31,155.28,1.0
-117.13,155.24,1.0
-122.04,151.34,1.0
-118.01,158.94,1.0
-119.07,153.67,1.0
-42.5,-236.96,1.0
-40.19,-234.47,1.0
-44.5,-237.05,1.0
-43.98,-234.51,1.0
-42.26,-234.83,1.0
-41.5,-234.91,1.0
-41.16,-235.9,1.0
-40.74,-234.56,1.0
-40.26,-236.34,1.0
-40.73,-237.34,1.0
-113.88,149.97,1.0
-112.98,144.62,1.0
-113.82,146.51,1.0
-109.87,148.13,1.0
-114.71,146.97,1.0
-112.16,145.14,1.0
-112.57,144.12,1.0
-115.26,144.1,1.0
-111.26,144.52,1.0
-115.56,147.38,1.0
-121.24,96.15,1.0
-117.18,91.66,1.0
-119.88,95.09,1.0
-117.47,95.46,1.0
-119.33,92.64,1.0
-121.2,93.15,1.0
-122.42,93.47,1.0
-122.3,95.71,1.0
-120.84,94.15,1.0
-120.94,94.56,1.0
-66.64,102.51,1.0
-68.34,104.5,1.0
-66.61,102.61,1.0
-71.86,103.82,1.0
-67.5,102.82,1.0
-65.64,100.44,1.0
-68.27,101.43,1.0
-69.11,102.17,1.0
-68.88,102.1,1.0
-67.35,100.95,1.0
47.44,-199.41,1.0
49.96,-199.77,1.0
49.0,-199.67,1.0
47.99,-198.16,1.0
50.07,-196.97,1.0
54.57,-195.69,1.0
47.71,-197.91,1.0
47.61,-197.64,1.0
47.47,-194.28,1.0
46.5,-198.01,1.0
-1.73,-53.46,1.0
-4.09,-58.77,1.0
-2.25,-53.01,1.0
-3.68,-55.72,1.0
-4.14,-56.15,1.0
-4.3,-56.86,1.0
-3.09,-55.19,1.0
-2.04,-56.31,1.0
-0.26,-59.8,1.0
-2.06,-55.13,1.0
-49.89,143.47,1.0
-49.16,138.46,1.0
-48.7,143.69,1.0
-44.71,139.13,1.0
-46.52,139.91,1.0
-47.22,140.26,1.0
-49.93,142.36,1.0
-48.73,138.39,1.0
-50.88,141.19,1.0
-47.61,138.47,1.0
85.19,-65.88,1.0
82.24,-64.84,1.0
78.31,-68.26,1.0
80.08,-65.57,1.0
81.59,-62.03,1.0
80.39,-65.89,1.0
82.34,-66.81,1.0
80.18,-74.26,1.0
81.94,-69.61,1.0
82.66,-65.04,1.0
-63.07,7.78,1.0
-63.29,10.82,1.0
-64.91,5.25,1.0
-66.04,6.88,1.0
-64.6,3.45,1.0
-61.26,5.61,1.0
-63.34,8.86,1.0
-66.08,11.41,1.0
-65.39,3.81,1.0
-64.43,7.48,1.0
-200.31,-62.06,1.0
-197.84,-66.69,1.0
-197.81,-66.8,1.0
-202.14,-63.75,1.0
-200.03,-65.42,1.0
-202.67,-67.25,1.0
-195.07,-63.92,1.0
-198.74,-63.65,1.0
-200.94,-65.81,1.0
-196.6,-66.41,1.0
-155.42,-170.2,1.0
-152.4,-169.22,1.0
-154.65,-170.76,1.0
-153.28,-174.82,1.0
-157.24,-171.23,1.0
-154.05,-170.32,1.0
-152.87,-174.83,1.0
-156.05,-173.63,1.0
-152.0,-169.4,1.0
-157.05,-170.46,1.0
69.34,-3.08,1.0
64.39,-4.43,1.0
71.25,-3.75,1.0
68.78,-4.79,1.0
68.7,-2.02,1.0
67.57,-3.41,1.0
70.79,-4.26,1.0
70.6,-1.99,1.0
71.66,-1.5,1.0
68.87,-3.01,1.0
-6.03,118.19,1.0
-6.95,115.47,1.0
-4.91,116.06,1.0
-3.53,121.66,1.0
-4.25,121.42,1.0
-5.36,114.42,1.0
-4.27,119.39,1.0
-2.45,120.69,1.0
-4.29,122.22,1.0
-5.83,121.43,1.0
-176.52,-109.36,1.0
-175.86,-112.24,1.0
-172.9,-112.26,1.0
-175.25,-113.76,1.0
-176.23,-112.38,1.0
-179.14,-113.76,1.0
-176.48,-110.97,1.0
-175.48,-109.82,1.0
-175.24,-116.12,1.0
-173.18,-111.26,1.0
-204.53,33.84,1.0
-204.13,34.84,1.0
-201.83,34.21,1.0
-201.44,32.07,1.0
-204.3,29.86,1.0
-197.35,34.61,1.0
-200.75,36.15,1.0
-199.57,33.44,1.0
-196.76,35.53,1.0
-199.91,33.81,1.0
119.47,131.84,1.0
118.75,132.18,1.0
122.13,129.22,1.0
118.56,133.81,1.0
117.73,129.27,1.0
115.96,130.23,1.0
115.55,135.61,1.0
119.54,130.03,1.0
118.47,129.61,1.0
120.05,130.85,1.0
30.8,69.56,1.0
32.55,74.19,1.0
32.37,70.86,1.0
35.98,70.8,1.0
34.28,71.49,1.0
33.16,75.66,1.0
31.47,72.35,1.0
32.09,70.07,1.0
35.89,73.87,1.0
32.29,75.75,1.0
-119.59,224.22,1.0
-121.75,224.38,1.0
-120.96,224.97,1.0
-123.07,230.3,1.0
-122.54,229.46,1.0
-122.75,225.44,1.0
-122.25,223.31,1.0
-122.05,226.83,1.0
-122.69,226.77,1.0
-124.57,228.28,1.0
139.04,-34.72,1.0
145.58,-31.65,1.0
142.75,-33.28,1.0
141.34,-34.5,1.0
142.18,-35.2,1.0
144.1,-31.72,1.0
144.57,-37.39,1.0
141.21,-33.13,1.0
142.19,-32.93,1.0
142.56,-34.69,1.0
109.04,161.57,1.0
111.1,157.33,1.0
109.55,159.6,1.0
111.45,160.48,1.0
108.94,162.23,1.0
108.51,160.05,1.0
111.19,159.86,1.0
110.01,163.31,1.0
108.02,156.4,1.0
108.21,162.4,1.0
-40.9,-234.57,1.0
-38.75,-233.04,1.0
-40.42,-235.95,1.0
-39.51,-236.51,1.0
-37.84,-231.51,1.0
-39.14,-234.07,1.0
-41.64,-232.84,1.0
-46.66,-232.25,1.0
-41.76,-236.5,1.0
-43.7,-233.32,1.0
-168.67,-128.76,1.0
-164.88,-132.65,1.0
-168.87,-133.6,1.0
-164.86,-129.95,1.0
-166.52,-130.22,1.0
-163.16,-129.78,1.0
-166.31,-124.07,1.0
-165.7,-128.5,1.0
-164.98,-134.79,1.0
-163.07,-131.62,1.0
169.33,-12.99,1.0
171.42,-9.11,1.0
171.24,-14.65,1.0
172.38,-14.0,1.0
176.33,-11.12,1.0
170.68,-15.16,1.0
172.26,-10.52,1.0
173.5,-14.11,1.0
171.9,-13.79,1.0
170.44,-11.64,1.0
-8.42,71.06,1.0
-12.59,70.76,1.0
-10.59,69.09,1.0
-10.25,69.37,1.0
-10.42,72.01,1.0
-11.28,70.83,1.0
-7.8,70.19,1.0
-11.06,68.88,1.0
-12.67,72.14,1.0
-11.73,72.07,1.0
219.38,54.86,1.0
220.0,57.39,1.0
215.03,55.27,1.0
220.13,57.77,1.0
219.67,57.74,1.0
216.96,60.08,1.0
221.79,55.79,1.0
221.03,58.69,1.0
220.26,57.57,1.0
223.23,57.31,1.0
117.39,-151.68,1.0
113.28,-149.06,1.0
114.53,-150.46,1.0
115.48,-151.83,1.0
113.36,-147.91,1.0
114.0,-155.06,1.0
113.73,-148.05,1.0
116.69,-153.42,1.0
112.63,-155.18,1.0
112.72,-152.63,1.0
83.41,94.75,1.0
80.21,94.17,1.0
83.38,90.39,1.0
83.8,96.74,1.0
83.55,94.53,1.0
86.36,91.9,1.0
84.43,97.04,1.0
81.01,91.57,1.0
81.41,92.88,1.0
83.35,90.08,1.0
-101.42,-13.64,1.0
-100.37,-10.24,1.0
-107.83,-13.17,1.0
-103.62,-13.35,1.0
-103.38,-12.45,1.0
-103.79,-14.29,1.0
-101.32,-16.08,1.0
-106.27,-16.49,1.0
-103.18,-12.28,1.0
-105.94,-11.02,1.0
239.61,-136.21,1.0
235.8,-138.78,1.0
242.11,-136.92,1.0
241.28,-136.63,1.0
239.98,-135.66,1.0
244.59,-135.41,1.0
240.74,-136.04,1.0
243.78,-135.2,1.0
236.45,-137.27,1.0
241.24,-133.7,1.0
-75.5,-196.23,1.0
-69.57,-198.53,1.0
-73.95,-196.49,1.0
-74.25,-196.99,1.0
-72.57,-195.67,1.0
-75.62,-200.73,1.0
-74.23,-197.68,1.0
-73.41,-197.22,1.0
-73.85,-197.53,1.0
-74.2,-198.65,1.0
140.61,47.62,1.0
138.5,49.04,1.0
138.43,49.86,1.0
140.53,46.48,1.0
135.75,51.34,1.0
137.39,52.29,1.0
139.78,52.93,1.0
141.71,49.31,1.0
135.1,48.9,1.0
140.01,49.51,1.0
-138.59,-241.55,1.0
-137.71,-241.66,1.0
-140.1,-236.76,1.0
-138.55,-240.19,1.0
-140.17,-242.78,1.0
-140.93,-237.12,1.0
-139.48,-239.33,1.0
-139.63,-240.08,1.0
-137.18,-239.99,1.0
-140.35,-240.07,1.0
117.38,-238.7,1.0
117.56,-234.34,1.0
114.41,-234.44,1.0
117.52,-232.62,1.0
121.23,-236.25,1.0
117.27,-234.83,1.0
118.26,-237.8,1.0
119.56,-237.35,1.0
117.69,-232.15,1.0
118.05,-236.21,1.0
-175.1,-235.11,1.0
-174.44,-236.04,1.0
-174.66,-235.38,1.0
-173.54,-234.88,1.0
-174.92,-240.55,1.0
-173.31,-236.81,1.0
-174.78,-232.3,1.0
-174.09,-237.24,1.0
-172.43,-233.17,1.0
-175.45,-233.46,1.0
1.63,-192.7,1.0
3.42,-191.63,1.0
5.76,-195.33,1.0
3.61,-191.56,1.0
7.22,-193.04,1.0
1.68,-195.11,1.0
6.01,-194.3,1.0
2.48,-193.75,1.0
6.04,-193.28,1.0
3.6,-191.98,1.0
-66.91,4.36,1.0
-69.53,4.04,1.0
-71.31,2.71,1.0
-68.88,2.8,1.0
-69.66,3.55,1.0
-65.61,1.31,1.0
-70.42,5.45,1.0
-68.31,5.46,1.0
-67.39,4.22,1.0
-72.48,0.99,1.0
-232.73,-36.97,1.0
-230.88,-33.25,1.0
-233.73,-34.78,1.0
-237.42,-34.84,1.0
-235.02,-31.87,1.0
-238.14,-31.95,1.0
-235.4,-31.96,1.0
-236.09,-33.34,1.0
-237.65,-32.27,1.0
-236.2,-31.82,1.0
-61.84,-68.29,1.0
-59.62,-64.87,1.0
-57.57,-69.75,1.0
-62.47,-70.64,1.0
-61.22,-69.62,1.0
-60.76,-66.17,1.0
-60.08,-68.15,1.0
-59.35,-63.54,1.0
-60.06,-69.05,1.0
-63.5,-64.66,1.0
154.32,106.79,1.0
156.79,106.02,1.0
155.91,107.5,1.0
155.51,105.27,1.0
158.08,103.82,1.0
154.39,106.22,1.0
156.98,107.3,1.0
157.53,107.46,1.0
156.89,109.16,1.0
155.21,107.11,1.0
-83.65,-1.49,1.0
-84.13,-5.88,1.0
-82.11,-4.22,1.0
-83.68,-1.11,1.0
-82.76,1.84,1.0
-81.38,-1.69,1.0
-86.15,-1.8,1.0
-80.5,-2.48,1.0
-85.44,-4.49,1.0
-81.53,-2.2,1.0
-195.76,-118.06,1.0
-198.42,-119.87,1.0
-196.13,-116.9,1.0
-197.98,-115.55,1.0
-200.96,-117.93,1.0
-197.15,-117.38,1.0
-202.81,-117.92,1.0
-199.63,-116.25,1.0
-198.57,-117.21,1.0
-200.4,-116.66,1.0
25.35,-103.38,1.0
24.25,-104.66,1.0
24.49,-98.61,1.0
22.56,-102.51,1.0
28.5,-99.59,1.0
22.9,-96.73,1.0
22.63,-101.0,1.0
30.51,-102.72,1.0
25.3,-100.79,1.0
24.9,-102.4,1.0
-121.38,198.48,1.0
-120.02,196.8,1.0
-116.48,200.37,1.0
-115.22,195.92,1.0
-116.61,198.9,1.0
-117.31,200.92,1.0
-117.63,197.84,1.0
-120.48,198.56,1.0
-116.49,196.44,1.0
-117.88,198.7,1.0
-46.93,83.66,1.0
-43.13,84.18,1.0
-50.4,80.32,1.0
-49.45,80.46,1.0
-45.94,78.59,1.0
-49.63,79.5,1.0
-45.51,79.17,1.0
-48.91,78.49,1.0
-46.13,77.78,1.0
-48.58,81.45,1.0
-231.81,-81.38,1.0
-228.2,-80.66,1.0
-232.98,-82.85,1.0
-231.74,-81.38,1.0
-230.65,-78.9,1.0
-229.47,-81.19,1.0
-231.68,-76.93,1.0
-229.41,-78.08,1.0
-234.62,-80.56,1.0
-230.19,-77.74,1.0
-27.14,106.88,1.0
-29.45,103.92,1.0
-33.13,107.79,1.0
-33.68,107.16,1.0
-33.82,106.68,1.0
-31.4,105.12,1.0
-32.76,108.15,1.0
-28.8,107.33,1.0
-28.33,107.5,1.0
-30.31,106.48,1.0
84.78,-1.39,1.0
82.85,1.62,1.0
81.75,-4.11,1.0
84.66,-1.03,1.0
81.88,-1.3,1.0
80.91,-2.32,1.0
79.14,-1.4,1.0
82.61,-2.92,1.0
87.7,-4.35,1.0
81.64,-0.39,1.0
-203.47,-176.9,1.0
-205.56,-176.54,1.0
-204.16,-174.5,1.0
-204.1,-180.06,1.0
-204.85,-175.95,1.0
-201.32,-174.89,1.0
-202.17,-177.57,1.0
-201.16,-175.28,1.0
-198.95,-177.25,1.0
-203.99,-178.76,1.0
-230.68,85.12,1.0
-227.44,86.89,1.0
-229.63,81.95,1.0
-233.48,84.21,1.0
-232.2,85.51,1.0
-233.33,85.67,1.0
-227.63,87.6,1.0
-231.76,83.17,1.0
-231.7,84.25,1.0
-234.5,85.02,1.0
201.94,-28.57,1.0
202.84,-26.88,1.0
203.31,-24.42,1.0
206.71,-26.09,1.0
204.72,-27.9,1.0
206.59,-26.6,1.0
203.7,-28.28,1.0
205.44,-23.81,1.0
205.12,-27.93,1.0
207.54,-24.79,1.0
-106.18,227.91,1.0
-104.4,229.34,1.0
-104.77,228.29,1.0
-101.9,229.32,1.0
-105.72,229.01,1.0
-102.4,232.04,1.0
-104.13,230.11,1.0
-101.67,230.05,1.0
-107.58,230.6,1.0
-106.65,227.35,1.0
103.53,151.28,1.0
99.08,154.47,1.0
104.2,151.62,1.0
105.72,156.81,1.0
102.62,152.31,1.0
102.89,154.82,1.0
105.43,154.17,1.0
101.71,156.4,1.0
102.49,156.91,1.0
104.8,157.18,1.0
-98.67,31.9,1.0
-100.66,35.59,1.0
-100.38,35.34,1.0
-98.59,37.12,1.0
-97.76,36.9,1.0
-100.77,35.14,1.0
-99.56,33.8,1.0
-97.71,36.84,1.0
-100.48,37.26,1.0
-98.31,29.65,1.0
213.7,-136.55,1.0
212.64,-137.41,1.0
210.71,-135.34,1.0
209.07,-136.24,1.0
207.45,-136.1,1.0
210.9,-134.17,1.0
207.89,-138.22,1.0
210.11,-136.58,1.0
208.23,-137.91,1.0
211.7,-137.44,1.0
178.05,-68.98,1.0
173.0,-68.85,1.0
178.01,-71.03,1.0
176.19,-67.82,1.0
173.98,-69.62,1.0
171.98,-72.38,1.0
178.82,-64.37,1.0
175.66,-67.53,1.0
177.78,-74.21,1.0
176.53,-66.09,1.0
20.98,67.07,1.0
21.74,69.82,1.0
21.36,72.27,1.0
20.33,70.79,1.0
16.93,68.09,1.0
19.48,72.37,1.0
16.31,70.45,1.0
22.4,66.75,1.0
19.01,68.79,1.0
19.13,68.54,1.0
-120.15,198.71,1.0
-119.85,198.88,1.0
-120.16,199.81,1.0
-116.57,200.72,1.0
-119.99,201.42,1.0
-118.63,198.75,1.0
-120.53,201.01,1.0
-117.74,202.84,1.0
-118.41,198.33,1.0
-118.55,200.89,1.0
-13.14,175.98,1.0
-17.23,175.71,1.0
-14.04,177.55,1.0
-14.09,176.56,1.0
-15.61,173.89,1.0
-16.27,172.84,1.0
-15.62,171.07,1.0
-15.19,171.92,1.0
-14.96,172.52,1.0
-13.0,175.25,1.0
42.63,-21.83,1.0
44.66,-21.91,1.0
45.08,-19.21,1.0
43.34,-23.59,1.0
41.57,-20.28,1.0
42.85,-22.92,1.0
46.81,-19.5,1.0
41.04,-28.59,1.0
42.71,-26.44,1.0
45.01,-23.65,1.0
-200.2,-111.29,1.0
-200.76,-110.54,1.0
-200.04,-114.16,1.0
-200.77,-111.34,1.0
-203.0,-109.82,1.0
-199.16,-111.44,1.0
-200.03,-109.62,1.0
-201.26,-110.42,1.0
-200.76,-108.85,1.0
-200.52,-111.7,1.0
-179.66,-220.39,1.0
-178.3,-218.53,1.0
-181.14,-220.74,1.0
-178.39,-219.83,1.0
-181.86,-220.01,1.0
-181.28,-219.31,1.0
-180.08,-217.66,1.0
-176.79,-218.23,1.0
-181.13,-218.93,1.0
-180.76,-218.51,1.0
-77.29,227.95,1.0
-78.9,228.15,1.0
-76.02,229.81,1.0
-74.36,229.92,1.0
-77.94,231.87,1.0
-73.63,227.5,1.0
-76.43,230.54,1.0
-77.39,231.77,1.0
-77.06,230.42,1.0
-79.28,229.9,1.0
-159.12,-75.96,1.0
-161.68,-68.81,1.0
-160.34,-70.86,1.0
-162.46,-70.72,1.0
-164.24,-69.56,1.0
-162.2,-69.69,1.0
-162.81,-68.86,1.0
-160.3,-68.63,1.0
-159.56,-70.17,1.0
-158.91,-70.04,1.0
-234.82,-140.73,1.0
-233.47,-139.24,1.0
-236.96,-141.9,1.0
-231.71,-141.07,1.0
-232.81,-136.05,1.0
-241.3,-141.57,1.0
-235.13,-136.65,1.0
-239.03,-140.93,1.0
-237.41,-138.11,1.0
-235.7,-139.38,1.0
231.56,97.8,1.0
231.96,100.45,1.0
232.75,102.9,1.0
229.64,104.09,1.0
232.3,104.96,1.0
231.18,99.34,1.0
226.81,101.73,1.0
233.14,101.91,1.0
230.45,99.09,1.0
229.89,102.73,1.0
30.97,-109.4,1.0
32.67,-110.83,1.0
29.73,-113.72,1.0
32.2,-112.45,1.0
31.16,-108.19,1.0
31.02,-108.82,1.0
27.24,-112.02,1.0
27.41,-109.83,1.0
24.17,-111.03,1.0
27.08,-109.36,1.0
173.46,162.66,1.0
172.7,164.56,1.0
177.43,165.47,1.0
170.74,163.48,1.0
172.87,165.05,1.0
174.78,163.84,1.0
168.59,162.63,1.0
174.21,163.84,1.0
171.02,164.13,1.0
172.77,162.21,1.0
202.86,213.31,1.0
200.78,213.52,1.0
204.93,210.22,1.0
206.26,213.87,1.0
205.79,210.54,1.0
207.97,216.81,1.0
205.26,210.69,1.0
203.1,212.15,1.0
208.09,214.39,1.0
202.87,210.49,1.0
-77.06,-238.19,1.0
-77.14,-234.97,1.0
-77.24,-233.63,1.0
-74.97,-233.46,1.0
-76.9,-234.03,1.0
-75.03,-236.28,1.0
-74.84,-231.97,1.0
-72.65,-233.66,1.0
-71.92,-233.24,1.0
-75.39,-234.75,1.0
95.0,132.92,1.0
96.56,135.46,1.0
100.01,137.77,1.0
96.07,136.28,1.0
96.97,135.27,1.0
97.08,138.19,1.0
98.9,138.41,1.0
96.27,138.05,1.0
97.09,134.63,1.0
96.51,139.12,1.0
-149.07,191.43,1.0
-144.0,194.61,1.0
-147.36,192.58,1.0
-145.89,193.43,1.0
-146.24,192.06,1.0
-146.77,195.88,1.0
-147.75,192.97,1.0
-143.46,195.12,1.0
-146.9,195.31,1.0
-150.44,195.1,1.0
-18.94,8.03,1.0
-15.68,6.37,1.0
-18.02,7.58,1.0
-20.23,5.47,1.0
-18.9,8.25,1.0
-15.35,7.79,1.0
-19.54,7.7,1.0
-18.98,6.8,1.0
-19.62,10.84,1.0
-18.72,12.19,1.0
67.81,182.8,1.0
62.36,182.02,1.0
64.25,180.35,1.0
65.67,186.2,1.0
65.37,182.2,1.0
62.71,184.4,1.0
64.51,184.4,1.0
65.97,187.12,1.0
67.56,184.87,1.0
64.38,182.32,1.0
70.24,90.15,1.0
71.17,89.67,1.0
70.92,92.23,1.0
69.36,91.48,1.0
71.12,88.79,1.0
71.79,95.49,1.0
67.59,97.29,1.0
68.43,93.51,1.0
71.75,89.11,1.0
71.36,90.79,1.0
-238.31,87.16,1.0
-239.19,83.98,1.0
-236.16,86.19,1.0
-240.38,85.71,1.0
-235.01,88.13,1.0
-237.8,85.32,1.0
-235.48,87.74,1.0
-235.25,88.23,1.0
-235.05,88.57,1.0
-237.78,86.04,1.0
-208.86,-201.26,1.0
-212.1,-204.02,1.0
-209.4,-200.93,1.0
-211.42,-204.15,1.0
-209.65,-204.54,1.0
-209.54,-205.6,1.0
-207.32,-200.75,1.0
-207.78,-202.61,1.0
-209.36,-203.82,1.0
-210.41,-204.23,1.0
227.59,235.42,1.0
226.94,238.33,1.0
227.92,238.04,1.0
223.44,240.06,1.0
225.39,237.51,1.0
224.2,241.81,1.0
224.44,240.56,1.0
226.29,238.63,1.0
223.22,233.88,1.0
223.69,239.06,1.0
37.7,-231.9,1.0
29.31,-231.69,1.0
31.41,-230.38,1.0
31.4,-231.6,1.0
31.21,-229.81,1.0
32.24,-230.92,1.0
29.29,-227.56,1.0
30.76,-227.81,1.0
34.24,-234.19,1.0
33.81,-230.63,1.0
-222.88,62.13,1.0
-221.07,63.89,1.0
-219.27,68.37,1.0
-220.88,59.48,1.0
-219.31,60.6,1.0
-220.44,62.73,1.0
-219.96,63.7,1.0
-220.04,62.89,1.0
-220.46,64.07,1.0
-220.94,61.05,1.0
-217.1,-108.56,1.0
-218.84,-109.57,1.0
-217.97,-107.38,1.0
-221.52,-109.05,1.0
-214.89,-107.79,1.0
-215.2,-110.32,1.0
-217.39,-108.48,1.0
-217.28,-112.78,1.0
-219.57,-107.99,1.0
-216.6,-108.83,1.0
183.97,101.18,1.0
184.36,103.93,1.0
187.48,101.0,1.0
186.26,105.11,1.0
183.66,103.82,1.0
189.56,100.95,1.0
183.87,105.28,1.0
186.28,104.23,1.0
186.21,100.84,1.0
189.86,105.9,1.0
125.62,102.57,1.0
125.64,100.62,1.0
123.25,102.36,1.0
123.21,102.34,1.0
122.39,99.64,1.0
124.15,105.49,1.0
122.18,104.28,1.0
123.26,100.01,1.0
119.19,100.2,1.0
119.71,100.05,1.0
-34.69,-0.63,1.0
-37.4,-0.25,1.0
-39.08,-3.12,1.0
-36.01,-5.27,1.0
-36.87,-0.2,1.0
-39.08,-2.29,1.0
-38.55,-0.93,1.0
-37.65,-3.45,1.0
-38.01,-2.41,1.0
-36.71,-2.84,1.0
53.61,-112.31,1.0
54.88,-115.66,1.0
54.05,-117.11,1.0
53.04,-113.72,1.0
50.28,-114.33,1.0
50.19,-114.52,1.0
50.92,-116.38,1.0
51.3,-116.67,1.0
50.4,-118.47,1.0
55.39,-116.1,1.0
-8.12,68.77,1.0
-7.44,64.6,1.0
-11.04,65.99,1.0
-12.44,68.65,1.0
-4.43,69.99,1.0
-6.85,71.05,1.0
-5.69,68.05,1.0
-6.62,67.67,1.0
-9.21,66.16,1.0
-5.77,70.15,1.0
117.13,-150.03,1.0
122.42,-147.12,1.0
119.53,-149.17,1.0
118.14,-148.54,1.0
118.14,-150.4,1.0
122.15,-147.86,1.0
118.27,-146.17,1.0
120.74,-148.19,1.0
115.93,-147.19,1.0
117.36,-144.41,1.0
-76.54,-153.48,1.0
-77.59,-146.25,1.0
-76.12,-152.34,1.0
-76.45,-152.99,1.0
-74.92,-153.66,1.0
-78.15,-155.85,1.0
-75.43,-151.5,1.0
-74.75,-152.62,1.0
-75.95,-151.54,1.0
-77.84,-151.24,1.0
157.47,-198.2,1.0
160.05,-195.36,1.0
155.49,-195.29,1.0
155.86,-192.54,1.0
154.38,-192.92,1.0
155.7,-193.83,1.0
155.5,-192.75,1.0
154.57,-193.58,1.0
156.94,-197.14,1.0
155.12,-196.07,1.0
4.96,41.42,1.0
5.4,42.09,1.0
3.37,38.85,1.0
1.44,36.84,1.0
1.47,40.38,1.0
5.39,40.37,1.0
0.71,38.05,1.0
4.45,36.95,1.0
3.41,35.9,1.0
2.3,39.66,1.0
60.93,83.19,1.0
59.68,81.75,1.0
59.68,85.76,1.0
64.61,84.36,1.0
58.6,86.24,1.0
65.21,85.11,1.0
60.74,83.35,1.0
61.6,85.92,1.0
59.91,81.07,1.0
58.59,83.42,1.0
12.92,108.28,1.0
13.97,111.29,1.0
12.2,109.58,1.0
10.47,109.99,1.0
17.36,110.91,1.0
11.97,110.15,1.0
13.21,110.23,1.0
10.07,108.51,1.0
13.53,111.51,1.0
13.59,106.37,1.0
220.04,-147.22,1.0
224.86,-147.21,1.0
225.03,-145.56,1.0
226.6,-144.06,1.0
222.93,-141.79,1.0
223.28,-149.58,1.0
224.24,-147.29,1.0
224.41,-146.3,1.0
217.29,-146.1,1.0
223.07,-148.49,1.0
-216.23,30.45,1.0
-217.97,33.25,1.0
-217.74,33.87,1.0
-215.83,36.54,1.0
-218.52,33.17,1.0
-217.96,34.17,1.0
-219.72,34.54,1.0
-214.6,34.58,1.0
-218.15,37.08,1.0
-217.28,34.43,1.0
120.99,224.24,1.0
117.89,222.25,1.0
121.32,224.62,1.0
117.51,226.41,1.0
119.28,223.67,1.0
120.4,222.37,1.0
119.48,224.94,1.0
119.02,223.36,1.0
116.45,223.18,1.0
118.31,224.73,1.0
-99.94,-115.65,1.0
-101.54,-114.61,1.0
-100.77,-112.15,1.0
-103.83,-111.45,1.0
-103.82,-112.81,1.0
-103.55,-113.46,1.0
-101.9,-113.71,1.0
-100.43,-114.81,1.0
-101.21,-115.68,1.0
-100.22,-114.99,1.0
228.41,152.96,1.0
227.42,149.84,1.0
225.71,148.54,1.0
228.34,150.04,1.0
231.33,149.48,1.0
227.3,147.86,1.0
227.99,152.02,1.0
227.66,149.54,1.0
227.3,154.43,1.0
227.6,149.5,1.0
161.94,12.53,1.0
161.34,11.54,1.0
156.63,12.84,1.0
162.45,15.37,1.0
164.12,13.52,1.0
160.26,13.54,1.0
156.02,14.17,1.0
162.73,13.13,1.0
162.99,12.53,1.0
163.43,9.75,1.0
-50.94,240.67,1.0
-52.05,237.95,1.0
-52.01,238.28,1.0
-48.06,236.53,1.0
-53.15,233.17,1.0
-52.85,238.23,1.0
-53.21,239.93,1.0
-53.16,235.88,1.0
-50.88,239.99,1.0
-53.31,239.79,1.0
-194.32,167.03,1.0
-190.97,170.42,1.0
-196.03,170.02,1.0
-193.66,171.74,1.0
-195.44,171.61,1.0
-196.49,165.99,1.0
-192.01,168.69,1.0
-193.52,171.85,1.0
-194.06,170.47,1.0
-195.19,166.63,1.0
-110.04,106.84,1.0
-112.22,109.2,1.0
-109.09,110.56,1.0
-112.16,105.37,1.0
-108.97,107.38,1.0
-112.1,107.1,1.0
-111.12,104.31,1.0
-110.2,105.0,1.0
-108.95,107.52,1.0
-110.9,105.21,1.0
235.22,55.83,1.0
238.57,58.44,1.0
234.51,56.46,1.0
238.47,56.3,1.0
232.37,54.8,1.0
236.35,56.96,1.0
237.95,55.69,1.0
238.93,54.2,1.0
237.75,57.3,1.0
239.45,53.22,1.0
219.05,236.74,1.0
217.51,239.65,1.0
222.97,240.58,1.0
220.73,238.06,1.0
219.3,240.01,1.0
220.76,242.52,1.0
219.57,234.05,1.0
220.02,237.2,1.0
220.05,238.31,1.0
221.38,239.26,1.0
157.69,-168.62,1.0
156.43,-166.92,1.0
157.99,-163.87,1.0
157.82,-169.13,1.0
153.08,-168.42,1.0
153.67,-168.61,1.0
153.5,-164.84,1.0
155.75,-168.16,1.0
154.97,-167.15,1.0
153.86,-168.21,1.0
60.62,-168.14,1.0
64.3,-168.68,1.0
59.96,-167.46,1.0
64.56,-167.33,1.0
58.24,-168.88,1.0
62.81,-166.09,1.0
61.63,-169.82,1.0
60.33,-167.1,1.0
59.35,-170.87,1.0
63.05,-164.6,1.0
-139.68,-36.19,1.0
-142.77,-36.25,1.0
-141.06,-34.06,1.0
-139.29,-38.42,1.0
-140.61,-35.01,1.0
-140.18,-33.02,1.0
-143.14,-37.12,1.0
-143.11,-31.3,1.0
-143.11,-34.93,1.0
-141.82,-34.62,1.0
-95.72,-214.94,1.0
-92.47,-219.5,1.0
-92.86,-216.28,1.0
-94.25,-218.58,1.0
-96.78,-220.56,1.0
-92.2,-215.38,1.0
-92.26,-216.82,1.0
-96.53,-217.38,1.0
-96.52,-216.96,1.0
-94.48,-217.62,1.0
-108.09,109.63,1.0
-112.67,112.81,1.0
-114.26,110.25,1.0
-114.31,109.76,1.0
-112.79,109.77,1.0
-114.06,109.6,1.0
-111.44,112.03,1.0
-111.62,110.22,1.0
-113.02,110.81,1.0
-112.46,112.42,1.0
-76.38,51.1,1.0
-74.92,47.29,1.0
-71.32,49.17,1.0
-71.05,50.77,1.0
-76.63,52.43,1.0
-73.02,51.93,1.0
-74.2,49.64,1.0
-74.73,49.86,1.0
-71.48,48.85,1.0
-74.35,49.37,1.0
138.57,-79.3,1.0
138.9,-76.32,1.0
142.65,-79.23,1.0
136.1,-81.49,1.0
138.07,-80.3,1.0
140.1,-78.36,1.0
135.7,-76.99,1.0
139.81,-79.63,1.0
141.01,-79.46,1.0
140.68,-80.56,1.0
-215.72,-199.14,1.0
-216.29,-194.86,1.0
-219.86,-199.17,1.0
-215.79,-200.3,1.0
-216.48,-199.26,1.0
-222.37,-196.75,1.0
-217.54,-199.21,1.0
-216.78,-200.47,1.0
-215.66,-202.99,1.0
-213.5,-200.5,1.0
-173.82,90.14,1.0
-170.71,89.34,1.0
-173.79,89.72,1.0
-168.14,90.24,1.0
-171.06,87.62,1.0
-170.78,87.78,1.0
-169.63,90.4,1.0
-168.27,88.95,1.0
-170.53,89.71,1.0
-171.39,90.01,1.0
228.49,-225.3,1.0
231.0,-224.86,1.0
231.17,-222.8,1.0
230.78,-223.1,1.0
229.52,-223.4,1.0
228.37,-224.97,1.0
227.85,-225.85,1.0
231.14,-226.04,1.0
230.62,-223.96,1.0
226.9,-225.34,1.0
-207.72,203.95,1.0
-204.19,200.75,1.0
-207.77,201.13,1.0
-203.4,201.63,1.0
-205.15,199.49,1.0
-204.79,201.21,1.0
-202.47,201.12,1.0
-202.88,203.8,1.0
-203.33,202.9,1.0
-203.0,200.82,1.0
219.3,-205.85,1.0
224.1,-203.75,1.0
221.32,-202.54,1.0
220.0,-204.69,1.0
224.62,-203.38,1.0
221.06,-201.73,1.0
217.07,-205.21,1.0
225.04,-202.27,1.0
215.36,-204.11,1.0
219.84,-202.33,1.0
-33.47,-181.71,1.0
-27.9,-177.98,1.0
-31.49,-184.02,1.0
-27.37,-179.59,1.0
-31.93,-181.36,1.0
-34.54,-183.76,1.0
-31.47,-181.41,1.0
-32.21,-185.26,1.0
-30.59,-179.16,1.0
-32.45,-183.69,1.0
-112.23,-182.5,1.0
-114.44,-178.93,1.0
-113.81,-180.78,1.0
-114.91,-181.47,1.0
-117.67,-179.44,1.0
-117.53,-177.42,1.0
-113.78,-184.09,1.0
-113.56,-180.14,1.0
-116.73,-182.37,1.0
-116.62,-184.51,1.0
-53.31,139.27,1.0
-49.96,139.84,1.0
-50.11,140.12,1.0
-52.11,145.15,1.0
-50.76,140.94,1.0
-51.36,143.22,1.0
-50.05,140.33,1.0
-52.86,141.69,1.0
-51.77,137.93,1.0
-52.43,141.93,1.0
-238.19,-191.32,1.0
-239.97,-190.37,1.0
-240.58,-192.03,1.0
-239.44,-192.54,1.0
-237.91,-190.37,1.0
-236.44,-190.1,1.0
-237.6,-196.14,1.0
-238.51,-189.56,1.0
-236.3,-192.58,1.0
-239.78,-190.13,1.0
-100.33,79.16,1.0
-98.82,82.68,1.0
-101.06,81.1,1.0
-99.99,81.19,1.0
-99.8,81.1,1.0
-101.59,80.94,1.0
-99.59,81.79,1.0
-98.47,81.46,1.0
-97.15,80.47,1.0
-96.47,78.21,1.0
209.78,-142.75,1.0
212.1,-144.74,1.0
210.26,-144.79,1.0
210.44,-141.21,1.0
210.95,-144.33,1.0
209.9,-145.26,1.0
204.98,-146.41,1.0
210.23,-146.13,1.0
207.24,-142.21,1.0
206.1,-144.01,1.0
-154.88,57.24,1.0
-154.12,56.72,1.0
-154.93,54.96,1.0
-156.4,55.79,1.0
-156.17,55.92,1.0
-154.53,57.36,1.0
-154.56,58.62,1.0
-158.7,58.79,1.0
-156.45,60.96,1.0
-154.29,53.43,1.0
-130.85,173.13,1.0
-200.47,21.49,1.0
-188.21,-178.07,1.0
175.25,-174.54,1.0
145.09,36.62,1.0
-103.9,-153.93,1.0
-223.99,-19.37,1.0
-80.05,147.64,1.0
160.01,179.93,1.0
-64.61,-186.25,1.0
-45.08,-97.67,1.0
25.32,-105.94,1.0
-194.63,68.57,1.0
-22.15,-191.24,1.0
135.97,-15.59,1.0
-167.97,145.96,1.0
-179.36,221.43,1.0
-127.23,60.48,1.0
183.36,199.79,1.0
85.63,-157.53,1.0
184.52,-10.4,1.0
219.12,-222.49,1.0
-96.02,-49.41,1.0
22.32,-104.14,1.0
22.22,57.55,1.0
-187.14,-1.43,1.0
129.7,103.6,1.0
-20.02,133.65,1.0
183.07,90.5,1.0
-37.13,83.43,1.0
223.33,-200.17,1.0
6.73,198.55,1.0
-149.91,49.25,1.0
175.57,-18.04,1.0
123.6,-89.76,1.0
89.11,-96.13,1.0
56.58,-203.37,1.0
-100.05,105.44,1.0
-101.14,8.07,1.0
-105.88,176.2,1.0
-96.21,-195.31,1.0
-108.39,99.53,1.0
143.11,145.69,1.0
-190.49,19.01,1.0
-62.71,-102.77,1.0
-198.58,-16.41,1.0
132.99,-201.83,1.0
91.35,-197.0,1.0
211.74,205.92,1.0
-115.88,131.42,1.0
82.29,229.55,1.0
6.12,201.05,1.0
-53.04,53.26,1.0
-147.07,131.63,1.0
-116.25,49.95,1.0
49.75,-19.64,1.0
69.95,-37.25,1.0
-53.22,-82.1,1.0
54.0,-87.19,1.0
-131.59,-43.52,1.0
-181.83,91.68,1.0
58.86,200.72,1.0
37.72,169.11,1.0
-177.2,-225.84,1.0
-201.18,14.34,1.0
-7.73,-169.17,1.0
37.21,204.89,1.0
-179.58,91.53,1.0
105.34,-191.43,1.0
-212.53,-105.0,1.0
35.83,50.87,1.0
175.54,62.4,1.0
20.1,-28.6,1.0
-28.11,135.18,1.0
31.47,-109.12,1.0
-51.75,-7.37,1.0
118.22,107.38,1.0
148.59,-24.43,1.0
-226.03,158.9,1.0
-86.76,5.68,1.0
-88.85,-97.84,1.0
-30.37,16.66,1.0
-69.03,118.81,1.0
75.87,-98.55,1.0
41.39,69.94,1.0
-90.32,128.55,1.0
-92.15,-126.34,1.0
-169.43,-83.13,1.0
210.04,-87.12,1.0
-52.07,52.34,1.0
78.41,185.76,1.0
5.52,-18.55,1.0
-165.36,-15.4,1.0
-168.5,161.74,1.0
-18.86,-4.0,1.0
-10.8,72.92,1.0
-87.21,154.07,1.0
-164.24,125.26,1.0
-178.05,5.95,1.0
-224.07,-104.73,1.0
-88.44,-213.75,1.0
-190.35,-156.99,1.0
170.92,166.54,1.0
-92.08,52.7,1.0
2.63,71.47,1.0
-173.07,16.22,1.0
121.88,86.53,1.0
47.54,-175.38,1.0
-137.09,93.46,1.0
-77.96,130.67,1.0
51.91,-76.41,1.0
-176.29,-150.78,1.0
-217.91,216.15,1.0
131.7,-159.3,1.0
166.41,-34.02,1.0
-190.97,-35.39,1.0
74.21,114.71,1.0
132.11,38.11,1.0
-166.87,31.69,1.0
-172.08,119.5,1.0
-51.48,-189.61,1.0
75.23,-87.24,1.0
213.71,68.22,1.0
62.19,-166.25,1.0
104.37,-144.48,1.0
-206.7,-84.23,1.0
-75.06,-53.11,1.0
-104.81,126.46,1.0
119.35,220.57,1.0
-17.75,87.49,1.0
-99.89,7.88,1.0
142.11,133.05,1.0
-119.19,32.52,1.0
11.79,91.8,1.0
109.73,-179.98,1.0
126.15,182.11,1.0
-146.33,-132.91,1.0
222.61,109.32,1.0
-70.52,218.07,1.0
-89.96,-29.28,1.0
-67.66,93.14,1.0
83.73,-84.53,1.0
136.06,-42.39,1.0
149.64,6.49,1.0
121.42,26.33,1.0
-21.69,-108.02,1.0
-228.02,38.85,1.0
36.84,-53.61,1.0
16.85,-172.29,1.0
-206.85,165.58,1.0
213.25,-81.17,1.0
102.21,124.01,1.0
217.49,4.26,1.0
224.14,-188.82,1.0
-61.64,-102.83,1.0
48.95,-56.77,1.0
59.26,-130.42,1.0
-160.32,128.24,1.0
-75.37,110.98,1.0
-190.28,-75.23,1.0
36.48,-100.43,1.0
100.52,-101.76,1.0
99.65,155.66,1.0
109.72,47.44,1.0
155.64,60.73,1.0
226.87,-190.07,1.0
-141.26,-121.09,1.0
61.96,-23.26,1.0
167.38,14.94,1.0
66.41,-229.14,1.0
-175.54,-65.08,1.0
-138.22,-188.68,1.0
-196.11,-67.91,1.0
42.11,126.21,1.0
68.66,-205.65,1.0
6.46,76.32,1.0
102.47,72.58,1.0
192.28,186.83,1.0
-102.06,32.96,1.0
32.9,181.12,1.0
81.52,-22.89,1.0
-23.22,-82.94,1.0
189.22,-108.76,1.0
180.8,11.96,1.0
180.83,173.75,1.0
191.74,49.74,1.0
92.33,173.18,1.0
146.92,-54.25,1.0
-183.28,189.11,1.0
-4.39,-96.12,1.0
223.17,-142.62,1.0
5.02,118.16,1.0
-125.49,-51.24,1.0
196.67,-113.07,1.0
64.67,-52.77,1.0
-16.8,-3.6,1.0
-228.76,146.83,1.0
-191.33,-11.66,1.0
183.37,46.49,1.0
-97.58,54.91,1.0
