x,y,z,layer,weight
-18.12,98.47,-22.72,0.00,1.00
57.24,9.36,-105.42,0.00,1.00
37.87,48.46,54.68,0.00,1.00
-74.61,-97.53,20.9,0.00,1.00
-34.49,10.62,34.29,0.00,1.00
25.59,40.5,-126.48,0.00,1.00
47.38,-77.7,96.22,0.00,1.00
-35.37,-34.32,-16.44,0.00,1.00
-3.51,1.43,14.57,0.00,1.00
-37.86,9.95,11.08,0.00,1.00
50.33,-63.0,-14.96,0.00,1.00
-5.72,14.06,-137.7,0.00,1.00
18.53,38.08,74.77,0.00,1.00
-24.55,-92.45,28.35,0.00,1.00
-40.86,-9.99,90.61,0.00,1.00
43.73,27.84,-17.73,0.00,1.00
-2.65,8.79,120.82,0.00,1.00
-67.94,-57.3,61.01,0.00,1.00
31.49,37.01,51.9,0.00,1.00
-15.96,-47.88,-0.68,0.00,1.00
13.77,56.57,81.49,0.00,1.00
2.81,-39.86,34.74,0.00,1.00
124.08,-14.44,36.37,0.00,1.00
-89.36,33.83,-19.07,0.00,1.00
-51.3,-2.27,33.64,0.00,1.00
4.09,66.38,50.45,0.00,1.00
-55.78,-54.4,-40.59,0.00,1.00
-55.98,-86.75,-75.57,0.00,1.00
-4.16,34.19,-0.3,0.00,1.00
-4.27,-35.05,-69.53,0.00,1.00
-20.47,-35.57,96.96,0.00,1.00
-3.98,-36.11,-74.84,0.00,1.00
13.72,117.09,7.53,0.00,1.00
-51.98,44.75,6.76,0.00,1.00
-37.62,-14.04,-106.52,0.00,1.00
9.82,-71.15,-34.17,0.00,1.00
-65.34,-93.34,100.58,0.00,1.00
-20.81,-83.44,21.27,0.00,1.00
-65.86,45.45,-10.21,0.00,1.00
22.54,2.99,-66.33,0.00,1.00
4.25,-102.62,-43.64,0.00,1.00
89.67,-2.31,84.87,0.00,1.00
2.65,54.5,129.76,0.00,1.00
4.77,-64.07,4.56,0.00,1.00
-69.79,41.15,-14.43,0.00,1.00
-8.38,83.4,25.61,0.00,1.00
20.61,-19.58,-270.35,0.00,1.00
91.66,-32.25,127.66,0.00,1.00
10.9,-6.57,54.91,0.00,1.00
44.7,-11.45,-4.83,0.00,1.00
-59.48,-78.62,-75.65,0.00,1.00
9.03,18.03,50.58,0.00,1.00
7.75,-54.49,32.07,0.00,1.00
6.76,-41.98,-31.85,0.00,1.00
18.21,-12.41,72.84,0.00,1.00
-49.98,-102.82,-74.85,0.00,1.00
-57.95,6.47,221.37,0.00,1.00
59.71,-21.21,-46.39,0.00,1.00
-84.28,18.54,-22.46,0.00,1.00
-142.38,47.02,-25.03,0.00,1.00
-36.38,-70.68,-127.48,0.00,1.00
17.25,-44.51,-42.04,0.00,1.00
-12.74,38.09,43.85,0.00,1.00
-18.17,49.73,16.91,0.00,1.00
16.02,6.2,13.03,0.00,1.00
45.91,-12.76,-21.5,0.00,1.00
-73.38,-18.38,50.04,0.00,1.00
-19.4,-118.75,-82.74,0.00,1.00
-9.22,-3.95,-1.09,0.00,1.00
21.94,-13.59,42.27,0.00,1.00
34.94,-56.73,-57.32,0.00,1.00
42.94,6.19,39.06,0.00,1.00
-18.81,-59.28,147.75,0.00,1.00
34.53,99.77,70.06,0.00,1.00
-16.05,-73.22,183.41,0.00,1.00
-24.77,30.84,39.78,0.00,1.00
93.48,-75.04,-47.74,0.00,1.00
6.41,40.9,145.49,0.00,1.00
-1.22,-27.88,-2.34,0.00,1.00
22.95,18.29,159.34,0.00,1.00
-3.91,78.0,-114.02,0.00,1.00
4.66,70.49,49.48,0.00,1.00
67.37,-65.79,49.13,0.00,1.00
-3.08,-28.15,-5.79,0.00,1.00
-43.19,68.67,-73.51,0.00,1.00
-32.49,17.6,41.18,0.00,1.00
-38.07,7.44,12.97,0.00,1.00
29.0,63.23,100.12,0.00,1.00
102.66,-9.04,-121.72,0.00,1.00
-85.06,54.03,35.94,0.00,1.00
18.49,-59.04,162.27,0.00,1.00
-33.42,-72.07,89.67,0.00,1.00
-4.05,-42.39,116.56,0.00,1.00
-33.12,106.17,-5.64,0.00,1.00
-15.84,-42.55,-104.64,0.00,1.00
5.98,-12.71,-16.34,0.00,1.00
9.27,92.11,-30.98,0.00,1.00
30.53,-162.14,-78.95,0.00,1.00
-24.75,-8.55,56.64,0.00,1.00
-25.29,-26.45,3.65,0.00,1.00
-10.18,13.35,-28.1,0.00,1.00
-70.49,38.51,-62.0,0.00,1.00
53.31,6.86,101.54,0.00,1.00
-10.73,32.94,63.19,0.00,1.00
-11.67,29.52,-17.2,0.00,1.00
-32.48,-57.07,3.68,0.00,1.00
20.07,63.66,-93.19,0.00,1.00
17.05,-133.89,9.98,0.00,1.00
-37.61,-10.05,-103.49,0.00,1.00
35.56,-53.75,57.12,0.00,1.00
-36.95,21.39,26.18,0.00,1.00
27.07,-133.37,-18.62,0.00,1.00
70.69,-51.39,105.41,0.00,1.00
-111.9,-79.38,61.83,0.00,1.00
49.3,-112.04,-172.16,0.00,1.00
25.87,-5.81,15.57,0.00,1.00
27.38,94.78,-147.56,0.00,1.00
79.11,64.84,-102.28,0.00,1.00
29.8,57.17,-41.91,0.00,1.00
36.96,32.21,92.36,0.00,1.00
-19.46,-15.38,31.28,0.00,1.00
-84.22,11.39,-34.09,0.00,1.00
-18.31,-45.62,23.13,0.00,1.00
-6.71,48.91,-6.61,0.00,1.00
-54.68,-58.19,85.54,0.00,1.00
20.95,-85.52,83.29,0.00,1.00
-1.55,0.39,151.73,0.00,1.00
-22.97,80.01,77.21,0.00,1.00
-10.88,45.19,76.89,0.00,1.00
19.93,24.69,71.49,0.00,1.00
-39.13,-65.0,52.25,0.00,1.00
-36.47,54.05,-45.15,0.00,1.00
-1.21,177.12,-77.23,0.00,1.00
36.21,22.81,-49.17,0.00,1.00
58.77,21.3,-56.73,0.00,1.00
-54.69,42.74,-175.75,0.00,1.00
101.47,126.04,4.23,0.00,1.00
40.55,130.89,23.6,0.00,1.00
17.34,6.01,-11.76,0.00,1.00
21.18,-17.89,-101.44,0.00,1.00
-32.39,5.48,43.86,0.00,1.00
13.39,23.32,92.21,0.00,1.00
-4.24,-49.57,66.05,0.00,1.00
14.53,-78.12,-13.86,0.00,1.00
-29.81,-56.64,-102.5,0.00,1.00
-19.32,-61.51,-43.35,0.00,1.00
77.96,-3.35,-11.31,0.00,1.00
-80.95,90.17,33.88,0.00,1.00
42.71,-51.09,-43.87,0.00,1.00
-23.28,-37.22,-148.59,0.00,1.00
-22.83,17.53,-6.54,0.00,1.00
13.49,88.5,12.79,0.00,1.00
64.42,22.82,-75.19,0.00,1.00
-41.64,-0.21,-31.93,0.00,1.00
-61.6,2.56,-106.13,0.00,1.00
103.17,-15.58,-125.54,0.00,1.00
-60.32,-4.11,43.22,0.00,1.00
2.08,77.49,60.03,0.00,1.00
-35.11,69.8,195.77,0.00,1.00
11.81,27.35,-92.83,0.00,1.00
20.29,-4.27,12.37,0.00,1.00
-79.75,-85.41,18.29,0.00,1.00
39.37,-95.17,63.95,0.00,1.00
-50.34,-40.31,43.51,0.00,1.00
-2.09,11.76,-248.7,0.00,1.00
32.54,-32.72,-19.92,0.00,1.00
30.62,-15.6,-43.72,0.00,1.00
8.69,-103.64,113.6,0.00,1.00
-55.77,-64.63,-75.21,0.00,1.00
-49.59,3.69,3.25,0.00,1.00
95.36,-110.23,-94.72,0.00,1.00
-55.8,97.77,-5.44,0.00,1.00
-21.59,-12.74,4.28,0.00,1.00
-14.97,53.0,-15.06,0.00,1.00
14.22,-51.86,-30.44,0.00,1.00
53.13,-36.73,19.21,0.00,1.00
-14.56,49.9,26.23,0.00,1.00
-3.62,53.67,163.21,0.00,1.00
-22.03,-7.73,-176.81,0.00,1.00
5.0,-24.91,-41.09,0.00,1.00
-120.5,5.51,16.7,0.00,1.00
103.42,-25.39,-35.35,0.00,1.00
71.85,124.12,-22.49,0.00,1.00
-15.53,-164.51,97.67,0.00,1.00
-49.26,-22.16,-6.04,0.00,1.00
-40.33,-21.87,67.24,0.00,1.00
79.28,-72.33,61.15,0.00,1.00
56.87,58.06,-19.1,0.00,1.00
24.37,30.65,98.09,0.00,1.00
-21.34,-52.83,1.08,0.00,1.00
-109.24,-27.55,-68.5,0.00,1.00
-9.02,-46.6,-142.72,0.00,1.00
-1.07,-111.84,93.95,0.00,1.00
-68.44,-70.54,116.57,0.00,1.00
7.9,-37.04,-107.03,0.00,1.00
19.45,-9.58,7.11,0.00,1.00
-24.49,-49.68,-111.16,0.00,1.00
76.25,14.59,-50.74,0.00,1.00
81.4,39.92,123.36,0.00,1.00
28.84,58.71,-7.06,0.00,1.00
70.31,24.64,137.36,0.00,1.00
-56.23,5.72,-5.62,0.00,1.00
-33.16,47.56,1.23,0.00,1.00
70.39,2.71,29.78,0.00,1.00
84.58,-11.81,-148.33,0.00,1.00
-63.07,74.76,-88.82,0.00,1.00
-130.68,21.37,66.98,0.00,1.00
15.14,95.73,2.87,0.00,1.00
47.86,-46.0,76.6,0.00,1.00
19.99,21.1,3.14,0.00,1.00
32.18,152.02,59.5,0.00,1.00
-55.0,18.85,68.81,0.00,1.00
36.79,4.01,-3.94,0.00,1.00
-84.91,35.85,-168.92,0.00,1.00
-98.62,-38.4,-29.18,0.00,1.00
-2.03,66.29,-17.38,0.00,1.00
32.16,-20.63,-83.9,0.00,1.00
38.11,-70.91,27.03,0.00,1.00
18.3,-10.76,33.21,0.00,1.00
-5.75,7.66,-86.71,0.00,1.00
-9.29,-140.98,-0.89,0.00,1.00
11.67,-31.77,12.35,0.00,1.00
-59.56,12.16,-119.76,0.00,1.00
-83.66,-56.6,-130.75,0.00,1.00
12.12,-86.05,-104.83,0.00,1.00
-14.05,-0.3,106.22,0.00,1.00
71.6,49.58,-73.97,0.00,1.00
-5.09,-18.43,-124.17,0.00,1.00
69.89,-86.05,24.96,0.00,1.00
64.29,37.6,-45.08,0.00,1.00
-74.83,119.38,109.81,0.00,1.00
-52.26,12.34,-146.64,0.00,1.00
49.92,1.64,-18.29,0.00,1.00
84.99,-27.01,-54.7,0.00,1.00
50.1,-37.8,-39.86,0.00,1.00
-19.94,-12.58,127.87,0.00,1.00
40.6,-126.02,-97.59,0.00,1.00
15.9,63.08,-103.55,0.00,1.00
27.58,25.36,33.03,0.00,1.00
12.34,-20.73,-60.59,0.00,1.00
34.53,52.97,-72.66,0.00,1.00
46.34,-58.78,-32.12,0.00,1.00
-9.01,-107.58,100.68,0.00,1.00
-27.48,-17.13,28.15,0.00,1.00
-16.46,57.2,-19.04,0.00,1.00
103.6,-46.49,27.39,0.00,1.00
116.74,-82.12,5.12,0.00,1.00
-35.02,-48.72,-138.62,0.00,1.00
-55.27,34.28,97.74,0.00,1.00
-56.68,-52.69,-25.99,0.00,1.00
-38.81,-27.99,-60.26,0.00,1.00
75.68,-44.68,-45.64,0.00,1.00
-1.3,37.81,-16.84,0.00,1.00
36.63,15.51,47.53,0.00,1.00
-9.78,-65.31,47.88,0.00,1.00
-39.81,12.92,59.73,0.00,1.00
-4.08,-71.64,-56.11,0.00,1.00
-32.47,19.51,-140.59,0.00,1.00
74.98,-16.61,166.72,0.00,1.00
-49.6,47.18,55.96,0.00,1.00
-51.97,-43.64,64.43,0.00,1.00
-40.51,44.22,-128.6,0.00,1.00
10.42,106.61,51.19,0.00,1.00
34.83,26.1,75.52,0.00,1.00
-41.93,49.89,-171.74,0.00,1.00
15.04,-13.3,35.74,0.00,1.00
-95.23,-9.52,-104.82,0.00,1.00
36.97,27.57,40.36,0.00,1.00
37.21,-8.81,-101.27,0.00,1.00
37.54,-85.48,-28.02,0.00,1.00
53.52,-59.14,73.28,0.00,1.00
-38.14,50.21,111.08,0.00,1.00
-5.48,-45.23,-21.27,0.00,1.00
-50.55,42.78,-30.68,0.00,1.00
2.36,7.36,27.72,0.00,1.00
14.87,-23.62,-113.38,0.00,1.00
-21.57,10.36,44.51,0.00,1.00
31.48,10.35,-18.41,0.00,1.00
9.74,-110.55,61.77,0.00,1.00
0.14,24.76,95.41,0.00,1.00
66.85,30.55,98.08,0.00,1.00
-29.98,69.89,-13.14,0.00,1.00
60.09,112.13,-42.09,0.00,1.00
3.21,117.16,45.51,0.00,1.00
17.42,-21.5,149.27,0.00,1.00
-86.79,36.9,75.63,0.00,1.00
-90.42,-89.53,-4.56,0.00,1.00
36.84,-14.5,5.85,0.00,1.00
86.0,29.92,218.41,0.00,1.00
-62.49,20.39,110.52,0.00,1.00
12.04,-13.48,-125.29,0.00,1.00
21.77,-26.28,-144.01,0.00,1.00
67.92,-75.01,84.13,0.00,1.00
-50.35,20.05,39.73,0.00,1.00
67.48,-5.85,-13.32,0.00,1.00
29.8,-126.01,5.58,0.00,1.00
-95.1,0.17,-152.67,0.00,1.00
-67.04,12.9,-148.8,0.00,1.00
93.99,-12.78,24.59,0.00,1.00
-46.09,-50.21,116.22,0.00,1.00
-12.43,-40.74,-95.9,0.00,1.00
9.21,-38.7,7.52,0.00,1.00
-92.67,-64.62,-96.43,0.00,1.00
46.32,-34.62,97.05,0.00,1.00
27.04,-47.46,-46.12,0.00,1.00
0.58,-67.39,16.15,0.00,1.00
16.07,-1.38,-101.04,0.00,1.00
37.89,-4.34,-52.66,0.00,1.00
2.29,-103.09,-71.49,0.00,1.00
10.78,110.0,-130.43,0.00,1.00
-13.66,-40.93,57.42,0.00,1.00
-2.47,58.39,64.05,0.00,1.00
-25.58,-54.78,-30.89,0.00,1.00
23.54,29.82,-41.15,0.00,1.00
62.66,118.02,6.81,0.00,1.00
-4.61,83.39,-25.8,0.00,1.00
-53.27,78.08,-83.32,0.00,1.00
33.56,-15.63,116.29,0.00,1.00
-58.78,-0.0,59.07,0.00,1.00
20.71,0.9,18.37,0.00,1.00
17.06,-77.6,5.7,0.00,1.00
27.72,-20.84,52.09,0.00,1.00
59.2,-85.63,-56.97,0.00,1.00
2.54,-90.66,101.79,0.00,1.00
58.55,7.41,-64.34,0.00,1.00
-28.39,-22.6,-6.85,0.00,1.00
-30.47,60.91,-45.77,0.00,1.00
-35.96,-49.03,-190.87,0.00,1.00
21.21,35.91,44.3,0.00,1.00
-67.01,50.56,4.41,0.00,1.00
-29.56,46.97,-17.1,0.00,1.00
58.53,28.66,31.92,0.00,1.00
-71.18,-78.59,103.79,0.00,1.00
38.63,-70.43,-59.69,0.00,1.00
37.59,-94.09,-62.73,0.00,1.00
-45.67,49.27,33.5,0.00,1.00
11.82,29.69,-2.38,0.00,1.00
-29.44,-12.83,52.46,0.00,1.00
-32.17,5.32,16.23,0.00,1.00
-54.25,48.47,-43.08,0.00,1.00
62.23,-18.99,-48.03,0.00,1.00
-14.74,62.01,-126.97,0.00,1.00
27.39,-84.21,-133.94,0.00,1.00
-5.99,75.83,-14.98,0.00,1.00
-54.28,40.3,10.99,0.00,1.00
-22.05,-82.82,-2.85,0.00,1.00
-44.6,60.18,-3.92,0.00,1.00
-32.23,-27.92,143.41,0.00,1.00
51.92,-60.89,-50.64,0.00,1.00
-48.89,49.18,62.43,0.00,1.00
47.24,-4.83,-31.1,0.00,1.00
22.64,-40.35,-173.29,0.00,1.00
-5.32,27.36,-86.29,0.00,1.00
-7.27,-8.27,10.0,0.00,1.00
21.7,138.55,77.61,0.00,1.00
5.93,7.58,-141.66,0.00,1.00
52.31,-61.14,25.83,0.00,1.00
132.45,91.28,-37.56,0.00,1.00
-58.14,-5.02,-98.3,0.00,1.00
65.06,40.69,-103.72,0.00,1.00
-25.29,-85.64,73.24,0.00,1.00
66.59,71.74,-19.96,0.00,1.00
2.47,43.98,-137.25,0.00,1.00
-60.76,32.66,-30.72,0.00,1.00
-54.42,-44.82,-66.47,0.00,1.00
-75.28,-94.23,133.99,0.00,1.00
141.25,114.92,-2.32,0.00,1.00
-15.88,-23.28,17.33,0.00,1.00
-83.48,134.42,-79.86,0.00,1.00
-33.46,25.46,62.64,0.00,1.00
104.68,-11.43,-175.58,0.00,1.00
-85.66,110.9,5.16,0.00,1.00
8.61,21.7,78.37,0.00,1.00
-62.88,18.53,82.11,0.00,1.00
88.64,31.69,17.53,0.00,1.00
26.87,119.46,-39.95,0.00,1.00
7.71,34.64,-110.64,0.00,1.00
-12.9,-85.05,9.88,0.00,1.00
1.4,44.55,-61.49,0.00,1.00
-35.36,-46.74,27.33,0.00,1.00
-42.08,66.53,129.98,0.00,1.00
-14.04,-39.83,-115.3,0.00,1.00
8.33,71.91,-108.55,0.00,1.00
46.89,17.39,163.4,0.00,1.00
100.87,27.87,-255.66,0.00,1.00
-56.46,-17.28,118.82,0.00,1.00
-31.74,-74.7,93.65,0.00,1.00
-42.54,37.12,-43.55,0.00,1.00
25.07,3.7,45.94,0.00,1.00
-1.82,-37.24,-96.16,0.00,1.00
88.49,40.95,-41.51,0.00,1.00
79.04,-42.17,-61.24,0.00,1.00
-14.82,104.15,-236.68,0.00,1.00
11.52,4.4,21.69,0.00,1.00
3.78,1.96,90.57,0.00,1.00
43.74,30.97,-5.65,0.00,1.00
27.46,-111.66,-19.49,0.00,1.00
-43.59,-75.86,-89.8,0.00,1.00
62.3,206.48,40.79,0.00,1.00
-14.94,-58.01,75.47,0.00,1.00
-79.54,83.62,-49.42,0.00,1.00
-60.49,109.23,-31.5,0.00,1.00
-43.35,70.18,103.63,0.00,1.00
-21.31,24.5,-125.05,0.00,1.00
45.66,21.05,145.37,0.00,1.00
-6.12,-41.1,-15.06,0.00,1.00
32.62,-85.72,118.92,0.00,1.00
16.73,-105.79,220.55,0.00,1.00
5.89,-11.9,-77.1,0.00,1.00
43.69,-54.75,-11.93,0.00,1.00
26.86,-36.41,68.46,0.00,1.00
2.46,50.76,-54.19,0.00,1.00
39.46,-80.5,64.09,0.00,1.00
22.03,-59.96,94.58,0.00,1.00
-12.21,-17.5,-19.36,0.00,1.00
-29.92,72.41,-102.79,0.00,1.00
12.81,-125.19,-33.14,0.00,1.00
14.94,74.02,-31.93,0.00,1.00
-17.71,105.68,144.02,0.00,1.00
58.7,-6.9,34.37,0.00,1.00
8.68,74.68,74.08,0.00,1.00
65.98,-44.92,-138.81,0.00,1.00
-54.84,-55.23,37.26,0.00,1.00
-67.89,32.66,59.56,0.00,1.00
4.7,-41.76,65.09,0.00,1.00
-37.16,33.12,-10.02,0.00,1.00
-19.35,96.47,-49.28,0.00,1.00
-31.91,-83.81,16.7,0.00,1.00
8.46,-121.31,27.96,0.00,1.00
1.93,-51.39,33.92,0.00,1.00
-2.7,-35.94,20.0,0.00,1.00
-35.95,84.42,-38.75,0.00,1.00
64.55,18.2,-48.77,0.00,1.00
36.6,-28.56,-15.72,0.00,1.00
-12.82,-71.89,-26.88,0.00,1.00
75.61,-2.62,36.7,0.00,1.00
6.55,-33.31,19.74,0.00,1.00
60.28,-102.31,-6.96,0.00,1.00
10.76,-12.74,28.58,0.00,1.00
82.69,39.71,-92.62,0.00,1.00
14.51,-22.69,-41.0,0.00,1.00
67.19,-12.13,-28.72,0.00,1.00
1.37,-83.18,46.03,0.00,1.00
-54.97,-56.49,-28.58,0.00,1.00
-66.48,-34.26,55.02,0.00,1.00
-21.57,-53.06,14.93,0.00,1.00
40.13,-12.99,-65.68,0.00,1.00
-32.51,-59.22,-21.93,0.00,1.00
-45.3,-57.7,-1.79,0.00,1.00
-28.29,-3.51,112.08,0.00,1.00
11.49,-70.31,71.8,0.00,1.00
-12.75,86.04,-38.33,0.00,1.00
-10.49,55.72,-75.14,0.00,1.00
-17.84,35.85,57.39,0.00,1.00
1.0,-93.29,18.92,0.00,1.00
-89.24,-3.24,-128.54,0.00,1.00
-17.97,-42.42,22.05,0.00,1.00
65.24,39.52,10.13,0.00,1.00
60.45,132.06,-80.97,0.00,1.00
84.01,3.31,20.44,0.00,1.00
-13.17,76.29,-96.0,0.00,1.00
30.98,-17.15,50.21,0.00,1.00
-6.37,86.45,-103.21,0.00,1.00
7.51,14.42,-26.59,0.00,1.00
124.98,10.21,73.65,0.00,1.00
-57.08,-29.42,18.77,0.00,1.00
46.26,4.35,-42.27,0.00,1.00
-10.94,56.29,6.29,0.00,1.00
68.76,24.99,-97.03,0.00,1.00
67.49,-44.47,-6.4,0.00,1.00
-51.77,-44.76,-33.28,0.00,1.00
82.98,74.85,99.04,0.00,1.00
7.79,-134.7,42.48,0.00,1.00
8.5,0.8,24.89,0.00,1.00
26.94,39.11,11.7,0.00,1.00
-86.48,6.85,-41.15,0.00,1.00
47.79,-5.11,-88.97,0.00,1.00
-63.05,-52.85,-77.13,0.00,1.00
31.79,50.19,-63.92,0.00,1.00
23.8,17.52,-8.19,0.00,1.00
-76.0,-119.27,188.27,0.00,1.00
43.2,0.94,50.89,0.00,1.00
16.7,67.06,-52.71,0.00,1.00
18.19,-4.69,-93.94,0.00,1.00
4.79,-13.04,80.11,0.00,1.00
-51.9,46.58,-77.34,0.00,1.00
-51.37,71.58,11.97,0.00,1.00
-60.9,111.13,-85.13,0.00,1.00
-30.44,104.95,-0.82,0.00,1.00
3.84,-102.66,31.64,0.00,1.00
-111.45,84.01,85.89,0.00,1.00
73.98,42.19,-108.44,0.00,1.00
-11.6,14.41,-131.09,0.00,1.00
105.06,38.69,35.32,0.00,1.00
-44.65,-57.28,-1.51,0.00,1.00
-43.11,46.43,-3.94,0.00,1.00
-11.12,51.63,-42.19,0.00,1.00
23.1,54.6,68.88,0.00,1.00
29.5,12.75,98.79,0.00,1.00
-35.68,-1.03,-86.25,0.00,1.00
91.31,105.05,-37.21,0.00,1.00
-49.07,109.45,33.55,0.00,1.00
-18.47,-47.09,-38.11,0.00,1.00
-71.92,43.05,-100.84,0.00,1.00
20.02,43.51,6.7,0.00,1.00
-55.14,-91.64,19.79,0.00,1.00
53.64,33.96,7.52,0.00,1.00
4.47,96.0,73.13,0.00,1.00
71.62,59.84,33.34,0.00,1.00
-1.76,21.77,12.39,0.00,1.00
39.13,-15.38,40.29,0.00,1.00
108.02,-51.03,11.16,0.00,1.00
-22.38,52.81,45.29,0.00,1.00
62.64,-91.59,115.28,0.00,1.00
26.94,86.47,24.58,0.00,1.00
27.61,55.87,-80.42,0.00,1.00
-50.68,70.24,-87.65,0.00,1.00
21.8,58.35,54.38,0.00,1.00
5.16,20.43,-93.13,0.00,1.00
-28.54,49.54,132.67,0.00,1.00
-41.96,-90.56,-195.25,0.00,1.00
9.11,-109.84,15.36,0.00,1.00
75.81,-14.63,16.92,0.00,1.00
45.47,-2.33,-100.47,0.00,1.00
5.4,-103.6,-3.62,0.00,1.00
-9.45,-45.32,-0.27,0.00,1.00
-13.37,59.89,-38.07,0.00,1.00
-40.14,27.96,-64.43,0.00,1.00
-39.95,57.02,15.01,0.00,1.00
-4.9,58.07,49.88,0.00,1.00
3.4,-79.97,-9.8,0.00,1.00
-92.41,-10.35,-69.17,0.00,1.00
56.48,67.78,-3.29,0.00,1.00
-22.15,49.78,126.35,0.00,1.00
25.12,29.86,-20.02,0.00,1.00
63.82,76.95,5.26,0.00,1.00
32.37,27.93,-37.05,0.00,1.00
-112.56,-8.31,24.97,0.00,1.00
7.53,-5.55,-157.33,0.00,1.00
75.61,33.0,94.02,0.00,1.00
-6.1,-55.67,42.73,0.00,1.00
40.04,69.51,-33.93,0.00,1.00
-20.41,-64.2,4.6,0.00,1.00
-57.19,-6.71,6.66,0.00,1.00
-95.7,-11.01,38.85,0.00,1.00
-30.04,13.19,13.61,0.00,1.00
27.09,109.56,102.6,0.00,1.00
65.75,-5.88,54.18,0.00,1.00
42.08,-22.88,36.13,0.00,1.00
86.76,-37.47,143.96,0.00,1.00
-39.78,38.69,33.84,0.00,1.00
4.13,29.7,-113.74,0.00,1.00
6.88,28.1,-13.85,0.00,1.00
-34.32,-14.47,-8.73,0.00,1.00
-19.68,51.0,-8.25,0.00,1.00
-83.94,36.81,-45.19,0.00,1.00
42.7,-39.84,-274.68,0.00,1.00
-2.84,51.31,148.58,0.00,1.00
53.69,-24.97,77.63,0.00,1.00
-71.06,141.67,29.97,0.00,1.00
30.51,120.75,71.19,0.00,1.00
14.83,-70.7,53.01,0.00,1.00
15.89,-41.34,70.57,0.00,1.00
23.26,29.65,-27.09,0.00,1.00
5.48,-6.99,110.77,0.00,1.00
-89.36,-55.69,113.09,0.00,1.00
118.99,-70.92,68.42,0.00,1.00
-2.56,-49.05,-22.3,0.00,1.00
13.68,-10.16,-135.65,0.00,1.00
-29.88,70.87,13.56,0.00,1.00
19.38,-37.91,25.75,0.00,1.00
52.04,22.21,-60.55,0.00,1.00
-12.1,-75.51,94.29,0.00,1.00
60.59,34.45,71.74,0.00,1.00
-79.95,-27.36,-45.12,0.00,1.00
-47.14,-40.0,62.02,0.00,1.00
-20.19,-12.04,74.16,0.00,1.00
82.75,13.72,54.92,0.00,1.00
13.37,-20.09,16.49,0.00,1.00
39.29,-38.54,31.26,0.00,1.00
49.51,52.5,84.75,0.00,1.00
-31.44,-45.03,9.09,0.00,1.00
21.41,-25.94,26.96,0.00,1.00
-91.0,-115.89,70.03,0.00,1.00
21.88,-30.71,4.87,0.00,1.00
-23.03,-61.67,8.89,0.00,1.00
57.74,40.43,30.93,0.00,1.00
49.67,-7.81,54.74,0.00,1.00
26.37,4.04,-23.28,0.00,1.00
1.35,57.07,73.18,0.00,1.00
62.54,9.65,-48.75,0.00,1.00
13.01,8.11,-0.48,0.00,1.00
-64.07,11.33,89.81,0.00,1.00
58.62,101.41,-134.73,0.00,1.00
-13.58,135.48,-47.82,0.00,1.00
46.01,-8.58,-65.35,0.00,1.00
-13.63,-7.7,-188.65,0.00,1.00
58.96,5.86,66.37,0.00,1.00
-12.07,21.74,-54.17,0.00,1.00
70.68,25.52,72.25,0.00,1.00
16.52,38.58,89.63,0.00,1.00
-80.91,159.5,-56.18,0.00,1.00
16.03,17.51,-64.18,0.00,1.00
20.5,102.35,-9.89,0.00,1.00
-135.62,-116.08,73.54,0.00,1.00
-61.4,-15.55,21.26,0.00,1.00
6.28,13.6,31.72,0.00,1.00
-138.94,34.43,-62.27,0.00,1.00
14.71,-101.55,141.67,0.00,1.00
-7.91,1.57,120.56,0.00,1.00
-23.86,-58.72,2.86,0.00,1.00
19.21,89.75,55.83,0.00,1.00
-17.77,32.8,97.63,0.00,1.00
-25.05,65.28,-31.25,0.00,1.00
16.87,-77.41,-33.65,0.00,1.00
-52.17,-45.52,-2.82,0.00,1.00
-12.31,58.05,-188.87,0.00,1.00
-32.15,69.29,36.76,0.00,1.00
-116.63,-13.51,-4.47,0.00,1.00
-42.17,-49.88,95.49,0.00,1.00
-12.62,68.65,11.48,0.00,1.00
30.22,94.86,-137.71,0.00,1.00
-28.56,-31.43,94.52,0.00,1.00
39.88,-6.54,-16.2,0.00,1.00
11.6,-70.94,111.33,0.00,1.00
-6.63,-8.99,59.09,0.00,1.00
-4.38,30.12,-101.69,0.00,1.00
-43.5,-55.01,-66.2,0.00,1.00
-21.44,-44.67,-60.84,0.00,1.00
-67.24,52.32,-12.66,0.00,1.00
-69.04,15.99,107.63,0.00,1.00
16.91,-17.13,61.24,0.00,1.00
-21.81,8.08,34.06,0.00,1.00
10.55,2.05,-35.5,0.00,1.00
56.81,-46.81,118.74,0.00,1.00
-85.0,-60.2,20.01,0.00,1.00
-78.67,77.93,64.88,0.00,1.00
-24.87,10.17,103.68,0.00,1.00
-45.83,45.89,15.28,0.00,1.00
-62.22,62.49,-154.99,0.00,1.00
5.67,51.04,14.51,0.00,1.00
-4.55,77.12,65.71,0.00,1.00
63.84,68.63,-122.74,0.00,1.00
-31.14,-23.02,154.36,0.00,1.00
40.01,-70.81,100.23,0.00,1.00
84.88,87.49,-28.0,0.00,1.00
29.69,-39.95,66.81,0.00,1.00
8.04,-8.43,-90.53,0.00,1.00
-67.75,3.63,23.92,0.00,1.00
60.03,-81.71,9.48,0.00,1.00
1.46,33.56,84.57,0.00,1.00
-7.18,-47.43,33.88,0.00,1.00
-2.37,32.04,7.49,0.00,1.00
-107.82,105.05,23.88,0.00,1.00
-10.0,17.13,-65.21,0.00,1.00
-40.27,34.07,18.53,0.00,1.00
3.66,-19.33,-23.8,0.00,1.00
-46.29,-85.15,-1.4,0.00,1.00
-80.62,13.77,-74.71,0.00,1.00
35.98,116.28,-123.45,0.00,1.00
-39.05,-102.81,35.85,0.00,1.00
-64.24,38.32,-35.68,0.00,1.00
24.77,-64.95,9.35,0.00,1.00
-25.68,53.18,6.6,0.00,1.00
-68.52,-73.98,103.5,0.00,1.00
-43.44,-64.51,42.35,0.00,1.00
-68.45,27.97,-102.36,0.00,1.00
-15.69,86.78,-15.45,0.00,1.00
-32.12,44.58,35.84,0.00,1.00
-52.1,9.49,111.67,0.00,1.00
-31.78,-30.49,-67.36,0.00,1.00
50.12,-3.11,117.05,0.00,1.00
44.41,43.73,-71.55,0.00,1.00
-116.68,47.55,39.42,0.00,1.00
54.93,26.81,-52.63,0.00,1.00
83.74,-22.29,-141.49,0.00,1.00
30.51,-65.45,73.73,0.00,1.00
-3.5,-26.24,109.08,0.00,1.00
44.81,53.18,107.46,0.00,1.00
73.15,-5.9,-20.06,0.00,1.00
108.34,-54.61,-12.06,0.00,1.00
51.45,-28.23,-56.98,0.00,1.00
-47.16,-5.88,-70.76,0.00,1.00
-85.41,-14.83,84.46,0.00,1.00
32.51,49.84,12.44,0.00,1.00
-32.19,116.67,129.89,0.00,1.00
-38.96,23.33,41.65,0.00,1.00
11.44,-3.13,-140.58,0.00,1.00
-34.11,-10.57,27.58,0.00,1.00
-23.68,13.49,112.05,0.00,1.00
-46.23,-32.6,-22.24,0.00,1.00
-22.0,99.11,94.39,0.00,1.00
-5.83,-113.0,-32.45,0.00,1.00
-40.39,2.02,70.63,0.00,1.00
-68.93,30.38,16.2,0.00,1.00
-59.92,22.85,104.33,0.00,1.00
56.5,-20.17,109.7,0.00,1.00
84.12,-15.23,-13.5,0.00,1.00
36.35,-8.79,-166.69,0.00,1.00
-2.42,63.91,-2.58,0.00,1.00
36.79,13.16,53.92,0.00,1.00
18.55,75.57,-27.43,0.00,1.00
-60.45,-39.13,-97.15,0.00,1.00
-76.23,14.14,35.62,0.00,1.00
15.37,-81.38,-4.69,0.00,1.00
72.61,1.51,65.91,0.00,1.00
-19.36,5.96,146.13,0.00,1.00
51.67,42.88,-95.93,0.00,1.00
-58.16,-64.13,-88.77,0.00,1.00
-43.11,62.98,11.52,0.00,1.00
12.42,44.33,-12.89,0.00,1.00
-11.73,12.61,-33.0,0.00,1.00
80.45,-35.82,-92.17,0.00,1.00
-38.59,-29.57,-170.44,0.00,1.00
-63.28,-72.55,22.1,0.00,1.00
-69.3,27.6,-9.48,0.00,1.00
-25.15,33.95,-120.83,0.00,1.00
16.39,29.39,115.7,0.00,1.00
54.38,-32.12,14.76,0.00,1.00
-56.46,44.59,-23.9,0.00,1.00
34.25,-167.51,3.6,0.00,1.00
41.49,13.69,197.74,0.00,1.00
-31.02,-62.24,85.29,0.00,1.00
40.84,102.24,-43.36,0.00,1.00
-28.55,-18.5,-116.87,0.00,1.00
-37.8,35.72,43.16,0.00,1.00
2.74,62.95,-104.67,0.00,1.00
54.44,-57.63,-82.81,0.00,1.00
5.68,-19.2,-91.06,0.00,1.00
88.51,46.53,-18.84,0.00,1.00
-38.45,29.38,-93.61,0.00,1.00
5.12,22.25,40.93,0.00,1.00
-42.54,-53.02,155.07,0.00,1.00
-0.94,-45.93,36.43,0.00,1.00
-16.31,-16.24,12.88,0.00,1.00
-4.09,8.99,101.03,0.00,1.00
7.62,17.03,-43.65,0.00,1.00
19.85,-4.22,90.96,0.00,1.00
6.55,49.47,78.74,0.00,1.00
-45.17,-35.18,37.15,0.00,1.00
30.08,95.95,37.51,0.00,1.00
-31.19,-132.12,25.1,0.00,1.00
-22.21,-13.82,-48.26,0.00,1.00
51.29,39.19,119.0,0.00,1.00
-47.3,-24.81,61.77,0.00,1.00
99.12,-21.89,87.67,0.00,1.00
-22.17,38.76,13.96,0.00,1.00
-76.1,8.43,-168.08,0.00,1.00
70.63,39.58,-138.05,0.00,1.00
-121.43,-12.65,-145.81,0.00,1.00
4.86,-24.55,16.82,0.00,1.00
7.56,7.37,-42.74,0.00,1.00
0.45,-96.33,52.3,0.00,1.00
43.29,-50.11,-40.6,0.00,1.00
38.35,47.2,3.3,0.00,1.00
-2.62,-43.65,-114.14,0.00,1.00
-21.68,-25.11,124.65,0.00,1.00
110.65,-3.41,71.51,0.00,1.00
77.32,-52.51,-54.82,0.00,1.00
26.12,49.83,-18.69,0.00,1.00
32.4,16.1,-15.83,0.00,1.00
57.32,-1.27,85.49,0.00,1.00
56.25,24.14,50.06,0.00,1.00
32.8,-122.5,53.04,0.00,1.00
-57.67,36.04,30.97,0.00,1.00
49.01,-72.04,-158.97,0.00,1.00
99.9,-62.36,-62.53,0.00,1.00
-13.85,36.47,-82.37,0.00,1.00
-67.25,-54.2,71.45,0.00,1.00
5.93,-56.81,-52.45,0.00,1.00
6.13,-29.56,102.37,0.00,1.00
-18.31,-131.26,-85.78,0.00,1.00
84.48,36.03,94.27,0.00,1.00
-16.26,-54.71,-2.42,0.00,1.00
31.46,-4.4,-129.65,0.00,1.00
34.37,20.3,79.69,0.00,1.00
19.61,23.73,-72.27,0.00,1.00
-55.44,6.87,48.41,0.00,1.00
79.47,-63.75,-60.52,0.00,1.00
64.18,-38.7,-0.05,0.00,1.00
-0.41,-69.54,7.39,0.00,1.00
4.54,16.11,-82.37,0.00,1.00
-19.05,114.76,-20.19,0.00,1.00
-56.64,-53.37,10.35,0.00,1.00
-41.43,68.02,60.48,0.00,1.00
-96.31,5.6,-138.52,0.00,1.00
1.53,-72.76,75.06,0.00,1.00
38.01,18.07,-49.77,0.00,1.00
43.49,110.65,82.86,0.00,1.00
-17.21,68.9,-80.53,0.00,1.00
-68.2,20.2,26.25,0.00,1.00
127.55,77.94,-46.68,0.00,1.00
82.18,-2.03,-15.39,0.00,1.00
-57.49,-45.68,29.07,0.00,1.00
43.21,117.36,26.41,0.00,1.00
-38.41,-60.63,86.29,0.00,1.00
-13.95,-23.77,21.58,0.00,1.00
55.04,66.66,117.69,0.00,1.00
-31.24,-103.58,-31.65,0.00,1.00
46.33,37.25,171.11,0.00,1.00
-100.04,-77.41,16.12,0.00,1.00
19.84,9.39,-21.27,0.00,1.00
39.39,24.78,53.93,0.00,1.00
-27.03,77.87,116.57,0.00,1.00
36.53,17.13,83.76,0.00,1.00
-43.23,-17.83,-29.98,0.00,1.00
10.77,-46.13,83.03,0.00,1.00
-54.57,30.62,162.09,0.00,1.00
-135.71,17.19,-78.8,0.00,1.00
-19.32,90.09,-47.81,0.00,1.00
-110.17,-74.47,106.62,0.00,1.00
-31.51,-80.42,-107.7,0.00,1.00
-69.32,-2.04,-62.93,0.00,1.00
58.32,-56.68,-116.35,0.00,1.00
31.67,150.9,162.74,0.00,1.00
-18.51,6.48,-96.14,0.00,1.00
25.55,-13.6,22.54,0.00,1.00
-25.18,-30.48,60.14,0.00,1.00
-56.95,74.26,14.51,0.00,1.00
92.09,-57.95,97.39,0.00,1.00
88.9,38.84,-36.05,0.00,1.00
109.34,24.43,57.35,0.00,1.00
83.08,24.18,-64.24,0.00,1.00
114.11,-149.3,-11.73,0.00,1.00
30.87,66.52,18.65,0.00,1.00
106.2,29.06,14.74,0.00,1.00
-48.01,135.36,135.33,0.00,1.00
113.38,-46.44,-98.07,0.00,1.00
2.54,50.46,101.82,0.00,1.00
-19.68,36.57,30.89,0.00,1.00
-76.24,24.41,31.86,0.00,1.00
-37.17,4.81,178.9,0.00,1.00
-103.02,-90.89,157.94,0.00,1.00
-51.08,-8.41,69.45,0.00,1.00
0.96,30.77,52.23,0.00,1.00
74.37,86.51,158.76,0.00,1.00
68.09,-26.69,-130.95,0.00,1.00
19.38,36.24,40.21,0.00,1.00
-29.35,-34.97,-59.63,0.00,1.00
6.48,-19.11,85.3,0.00,1.00
-23.05,-74.97,84.73,0.00,1.00
-40.69,18.38,-7.22,0.00,1.00
-28.31,-68.83,159.66,0.00,1.00
47.98,92.52,53.31,0.00,1.00
35.8,9.79,-10.62,0.00,1.00
80.57,-2.18,61.74,0.00,1.00
87.96,188.68,64.7,0.00,1.00
49.86,58.93,-20.73,0.00,1.00
-12.51,130.03,16.76,0.00,1.00
-84.51,-40.34,-140.19,0.00,1.00
-38.46,108.52,-146.69,0.00,1.00
27.08,-14.17,-12.15,0.00,1.00
63.6,8.49,-67.98,0.00,1.00
-20.13,22.55,32.27,0.00,1.00
-5.78,117.9,-49.38,0.00,1.00
-32.98,-24.15,64.22,0.00,1.00
-32.03,59.3,-108.56,0.00,1.00
29.8,3.28,56.79,0.00,1.00
-60.31,-16.16,-75.53,0.00,1.00
-76.89,-41.4,123.02,0.00,1.00
-83.06,-54.81,84.19,0.00,1.00
18.5,58.66,-33.89,0.00,1.00
-71.41,8.42,-23.12,0.00,1.00
24.26,52.43,-39.19,0.00,1.00
-15.99,-13.37,-107.22,0.00,1.00
-1.43,-12.6,71.12,0.00,1.00
-32.11,51.93,-7.38,0.00,1.00
30.3,19.86,112.97,0.00,1.00
1.99,141.17,78.31,0.00,1.00
-38.26,23.68,-83.21,0.00,1.00
4.06,-27.49,124.3,0.00,1.00
7.15,-57.39,-77.51,0.00,1.00
-8.68,-0.04,-130.62,0.00,1.00
-31.85,71.51,-48.61,0.00,1.00
39.78,-29.59,54.35,0.00,1.00
-50.97,-43.65,25.99,0.00,1.00
53.0,10.88,32.35,0.00,1.00
-12.79,57.42,20.87,0.00,1.00
36.74,48.59,-7.41,0.00,1.00
-35.6,46.2,-19.79,0.00,1.00
42.43,-55.59,-106.98,0.00,1.00
36.79,-11.62,70.58,0.00,1.00
93.28,-12.2,18.18,0.00,1.00
49.85,3.39,56.25,0.00,1.00
114.38,-70.24,59.08,0.00,1.00
42.16,-94.02,21.25,0.00,1.00
24.33,23.54,16.2,0.00,1.00
-108.46,39.34,8.49,0.00,1.00
-5.69,97.89,-84.0,0.00,1.00
-26.26,-21.42,43.92,0.00,1.00
86.8,-34.5,148.22,0.00,1.00
-4.48,-83.7,17.1,0.00,1.00
-16.72,33.36,-130.36,0.00,1.00
-4.11,29.11,-121.47,0.00,1.00
-43.02,75.22,-77.65,0.00,1.00
-40.85,-90.41,14.1,0.00,1.00
-4.82,1.63,-60.36,0.00,1.00
-37.04,10.78,-14.57,0.00,1.00
-46.71,-33.47,-7.51,0.00,1.00
-61.57,-74.91,-73.36,0.00,1.00
-89.03,-27.65,56.87,0.00,1.00
-19.92,102.27,54.79,0.00,1.00
68.46,-77.67,-53.41,0.00,1.00
100.74,51.42,-47.62,0.00,1.00
118.62,36.89,8.49,0.00,1.00
-84.61,-14.9,-116.41,0.00,1.00
30.88,45.25,139.7,0.00,1.00
-3.8,-19.9,-112.97,0.00,1.00
3.41,138.86,-1.59,0.00,1.00
-41.44,-122.19,98.1,0.00,1.00
-81.8,5.09,72.32,0.00,1.00
-20.92,-91.56,16.87,0.00,1.00
85.26,69.47,18.72,0.00,1.00
31.09,-43.88,71.24,0.00,1.00
25.08,44.22,46.09,0.00,1.00
-115.96,-24.58,-49.33,0.00,1.00
-72.1,4.4,-40.8,0.00,1.00
-1.65,-53.22,-53.37,0.00,1.00
65.66,-13.15,-92.68,0.00,1.00
-3.54,-27.28,-61.32,0.00,1.00
28.28,160.68,-91.06,0.00,1.00
-12.26,-44.53,-59.01,0.00,1.00
-23.42,-110.9,-49.32,0.00,1.00
-2.21,-55.39,-114.91,0.00,1.00
55.63,15.24,-17.33,0.00,1.00
29.52,4.87,43.89,0.00,1.00
13.57,-24.67,22.72,0.00,1.00
-22.86,-43.21,104.35,0.00,1.00
-22.93,3.83,-71.55,0.00,1.00
8.44,-12.54,-26.25,0.00,1.00
26.49,-74.95,99.74,0.00,1.00
-22.76,4.99,-46.12,0.00,1.00
31.23,42.84,-5.99,0.00,1.00
-68.9,-81.51,-21.88,0.00,1.00
17.79,-26.98,26.51,0.00,1.00
123.81,113.65,5.19,0.00,1.00
-15.22,-32.13,-38.16,0.00,1.00
13.08,-53.75,68.73,0.00,1.00
64.4,4.88,25.7,0.00,1.00
-110.64,21.49,-95.03,0.00,1.00
-79.22,37.56,-106.57,0.00,1.00
68.43,-33.27,11.86,0.00,1.00
-9.11,81.09,3.73,0.00,1.00
-44.29,-135.06,23.72,0.00,1.00
-76.3,34.88,88.63,0.00,1.00
26.21,-119.49,28.05,0.00,1.00
-0.22,92.96,-97.81,0.00,1.00
-58.69,0.91,-138.37,0.00,1.00
-113.35,-85.04,-6.83,0.00,1.00
-17.09,-4.01,19.16,0.00,1.00
20.11,7.79,67.33,0.00,1.00
-17.59,24.34,-16.17,0.00,1.00
-21.54,95.51,-85.95,0.00,1.00
29.85,20.23,81.25,0.00,1.00
28.89,-47.67,-180.95,0.00,1.00
-54.14,51.87,-116.71,0.00,1.00
-28.87,52.15,69.57,0.00,1.00
3.62,-34.35,-45.96,0.00,1.00
6.03,36.04,91.73,0.00,1.00
35.8,25.81,-78.28,0.00,1.00
53.4,-45.08,-60.18,0.00,1.00
15.48,-31.03,-26.31,0.00,1.00
47.63,175.72,3.54,0.00,1.00
95.62,-91.94,-65.59,0.00,1.00
13.66,-47.04,-16.26,0.00,1.00
60.54,1.24,-13.34,0.00,1.00
-29.2,31.51,23.05,0.00,1.00
95.98,24.19,176.72,0.00,1.00
-51.45,46.99,-17.55,0.00,1.00
20.83,-12.47,38.17,0.00,1.00
-38.98,58.68,-104.14,0.00,1.00
34.76,-41.05,57.46,0.00,1.00
73.15,13.98,-101.13,0.00,1.00
-58.48,-2.5,-141.9,0.00,1.00
-9.79,-14.32,-113.08,0.00,1.00
54.88,-108.72,106.62,0.00,1.00
-80.55,99.16,72.16,0.00,1.00
-21.1,-117.18,10.41,0.00,1.00
-5.39,-17.81,14.95,0.00,1.00
66.88,-37.3,-15.88,0.00,1.00
40.3,16.96,99.36,0.00,1.00
37.97,-66.61,-25.79,0.00,1.00
18.71,-48.79,167.53,0.00,1.00
50.27,52.02,96.7,0.00,1.00
-65.54,16.58,5.71,0.00,1.00
-8.25,86.31,-77.37,0.00,1.00
-26.59,-35.26,17.51,0.00,1.00
-4.74,23.52,51.61,0.00,1.00
84.38,-125.18,138.43,0.00,1.00
-18.61,-26.93,107.72,0.00,1.00
126.26,-32.76,-46.32,0.00,1.00
10.02,-28.05,-73.44,0.00,1.00
-14.44,-12.01,-47.89,0.00,1.00
-26.11,54.46,186.83,0.00,1.00
-42.93,-10.14,3.89,0.00,1.00
-108.27,46.62,-97.92,0.00,1.00
112.04,6.54,-134.82,0.00,1.00
-40.12,-26.02,-54.24,0.00,1.00
12.41,61.11,-37.53,0.00,1.00
-44.37,125.84,50.21,0.00,1.00
